categorie;sous_categorie;valeur;date
Chiffre d'affaires;Chiffre d'affaires;124381.09999999999;01/02/2022
Charges d'exploitation;Charges d'exploitation;0;01/02/2022
Dépenses RH;Dépenses RH;99197.35;01/02/2022
Rémunérations;Rémunérations;66537.07;01/02/2022
Stages;Stages;0;01/02/2022
Congés payés;Congés payés;0;01/02/2022
Charges sociales;Charges sociales;7765.39;01/02/2022
Ursaff;Ursaff;24894.89;01/02/2022
Charges financière;Charges financière;0;01/02/2022
CHARGES récurrentes;CHARGES récurrentes;99197.35;01/02/2022
Résultat;Résultat;25183.749999999985;01/02/2022
Remboursement de prêt CA - 500k€??;Remboursement de prêt CA - 500k€??;1937.06;01/02/2022
Salarié;Salarié;93668.73166666666;01/02/2022
X;X;32208.28;01/02/2022
X;X;6573.8;01/02/2022
X;X;3902.67;01/02/2022
X;X;4014.92;01/02/2022
X;X;3417.58;01/02/2022
X;X;3731.74;01/02/2022
X;X;6551.3;01/02/2022
X;X;4016.27;01/02/2022
X;X;21127.64;01/02/2022
X;X;4354.35;01/02/2022
X;X;2495.14;01/02/2022
X;X;0;01/02/2022
X;X;6998.81;01/02/2022
X;X;7279.34;01/02/2022
X;X;6982.03;01/02/2022
X;X;3921.6;01/02/2022
X;X;3060.43;01/02/2022
X;X;27681.489999999998;01/02/2022
X;X;14390.57;01/02/2022
X;X;13290.92;01/02/2022
X;X;2838.7;01/02/2022
X;X;2838.7;01/02/2022
X;X;0;01/02/2022
X;X;2830.5916666666667;01/02/2022
Chiffre d'affaires;Chiffre d'affaires;99183.7;01/03/2022
Charges d'exploitation;Charges d'exploitation;0;01/03/2022
Dépenses RH;Dépenses RH;117942.07;01/03/2022
Rémunérations;Rémunérations;90248.86;01/03/2022
Stages;Stages;1160.25;01/03/2022
Congés payés;Congés payés;0;01/03/2022
Charges sociales;Charges sociales;7959.41;01/03/2022
Ursaff;Ursaff;18573.55;01/03/2022
Charges financière;Charges financière;0;01/03/2022
CHARGES récurrentes;CHARGES récurrentes;117942.07;01/03/2022
Résultat;Résultat;-18758.37000000001;01/03/2022
Remboursement de prêt BPI - 900 k€ : début 2026;Remboursement de prêt BPI - 900 k€ : début 2026;7500;01/03/2022
Remboursement de prêt CA - 500k€??;Remboursement de prêt CA - 500k€??;1942.63;01/03/2022
Salarié;Salarié;115499.62;01/03/2022
X;X;41767.42;01/03/2022
X;X;7157.13;01/03/2022
X;X;5569.33;01/03/2022
X;X;5681.58;01/03/2022
X;X;4584.24;01/03/2022
X;X;5731.74;01/03/2022
X;X;6801.3;01/03/2022
X;X;6242.1;01/03/2022
X;X;28645.6;01/03/2022
X;X;6692.42;01/03/2022
X;X;5601.86;01/03/2022
X;X;0;01/03/2022
X;X;6308.23;01/03/2022
X;X;10043.09;01/03/2022
X;X;11406.2;01/03/2022
X;X;6370.05;01/03/2022
X;X;5036.15;01/03/2022
X;X;27681.47;01/03/2022
X;X;14390.57;01/03/2022
X;X;13290.9;01/03/2022
X;X;4838.68;01/03/2022
X;X;4838.68;01/03/2022
X;X;1160.25;01/03/2022
X;X;0;01/03/2022
Chiffre d'affaires;Chiffre d'affaires;113802.23000000001;01/04/2022
Charges d'exploitation;Charges d'exploitation;0;01/04/2022
Dépenses RH;Dépenses RH;102231.87;01/04/2022
Rémunérations;Rémunérations;72387.85;01/04/2022
Stages;Stages;1924.65;01/04/2022
Congés payés;Congés payés;0;01/04/2022
Charges sociales;Charges sociales;8394.09;01/04/2022
Ursaff;Ursaff;19525.28;01/04/2022
Charges financière;Charges financière;0;01/04/2022
CHARGES récurrentes;CHARGES récurrentes;102231.87;01/04/2022
Résultat;Résultat;11570.360000000015;01/04/2022
Remboursement de prêt CA - 500k€??;Remboursement de prêt CA - 500k€??;1948.21;01/04/2022
Salarié;Salarié;99366.38666666666;01/04/2022
X;X;35043.8;01/04/2022
X;X;6175.09;01/04/2022
X;X;3902.67;01/04/2022
X;X;4014.92;01/04/2022
X;X;3417.58;01/04/2022
X;X;2873.15;01/04/2022
X;X;3731.74;01/04/2022
X;X;6551.3;01/04/2022
X;X;4377.35;01/04/2022
X;X;21132.53;01/04/2022
X;X;4471.79;01/04/2022
X;X;3602.41;01/04/2022
X;X;0;01/04/2022
X;X;5778.99;01/04/2022
X;X;7279.34;01/04/2022
X;X;7677.03;01/04/2022
X;X;4384.11;01/04/2022
X;X;3292.92;01/04/2022
X;X;27681.47;01/04/2022
X;X;14390.57;01/04/2022
X;X;13290.9;01/04/2022
X;X;2838.69;01/04/2022
X;X;2838.69;01/04/2022
X;X;1924.65;01/04/2022
X;X;3068.2166666666667;01/04/2022
Chiffre d'affaires;Chiffre d'affaires;125296.26;01/05/2022
Charges d'exploitation;Charges d'exploitation;0;01/05/2022
Dépenses RH;Dépenses RH;106250.73000000001;01/05/2022
Rémunérations;Rémunérations;75715.41;01/05/2022
Stages;Stages;2593.5;01/05/2022
Congés payés;Congés payés;0;01/05/2022
Charges sociales;Charges sociales;8811.82;01/05/2022
Ursaff;Ursaff;19130;01/05/2022
Charges financière;Charges financière;0;01/05/2022
CHARGES récurrentes;CHARGES récurrentes;106250.73000000001;01/05/2022
Résultat;Résultat;19045.529999999984;01/05/2022
Remboursement de prêt CA - 500k€??;Remboursement de prêt CA - 500k€??;1953.81;01/05/2022
Salarié;Salarié;98100.93000000001;01/05/2022
X;X;38078.11;01/05/2022
X;X;7295.81;01/05/2022
X;X;4082.85;01/05/2022
X;X;4103.66;01/05/2022
X;X;3480.51;01/05/2022
X;X;4133.59;01/05/2022
X;X;3841.36;01/05/2022
X;X;6660.92;01/05/2022
X;X;4479.41;01/05/2022
X;X;19602.82;01/05/2022
X;X;4791.63;01/05/2022
X;X;3694.54;01/05/2022
X;X;0;01/05/2022
X;X;3732.91;01/05/2022
X;X;7383.74;01/05/2022
X;X;7012.799999999999;01/05/2022
X;X;4318.36;01/05/2022
X;X;2694.44;01/05/2022
X;X;27900.71;01/05/2022
X;X;14500.19;01/05/2022
X;X;13400.52;01/05/2022
X;X;2912.99;01/05/2022
X;X;2912.99;01/05/2022
X;X;2593.5;01/05/2022
X;X;0;01/05/2022
Chiffre d'affaires;Chiffre d'affaires;93137.72;01/06/2022
Charges d'exploitation;Charges d'exploitation;0;01/06/2022
Dépenses RH;Dépenses RH;113806.89000000001;01/06/2022
Rémunérations;Rémunérations;80223.92;01/06/2022
Stages;Stages;2716.3500000000004;01/06/2022
Congés payés;Congés payés;0;01/06/2022
Charges sociales;Charges sociales;9037.1;01/06/2022
Ursaff;Ursaff;21829.52;01/06/2022
Charges financière;Charges financière;0;01/06/2022
CHARGES récurrentes;CHARGES récurrentes;113806.89000000001;01/06/2022
Résultat;Résultat;-20669.170000000013;01/06/2022
Remboursement de prêt BPI - 900 k€ : début 2026;Remboursement de prêt BPI - 900 k€ : début 2026;7500;01/06/2022
Remboursement de prêt CA - 500k€??;Remboursement de prêt CA - 500k€??;1959.43;01/06/2022
Salarié;Salarié;111229.49833333334;01/06/2022
X;X;32850.54;01/06/2022
X;X;0;01/06/2022
X;X;4142.76;01/06/2022
X;X;4422.78;01/06/2022
X;X;3478.52;01/06/2022
X;X;4138.81;01/06/2022
X;X;4128.13;01/06/2022
X;X;6755.15;01/06/2022
X;X;4709.47;01/06/2022
X;X;1074.92;01/06/2022
X;X;26330.89;01/06/2022
X;X;5174.39;01/06/2022
X;X;3777.71;01/06/2022
X;X;0;01/06/2022
X;X;4900.08;01/06/2022
X;X;8631.23;01/06/2022
X;X;3847.48;01/06/2022
X;X;17717.039999999997;01/06/2022
X;X;6546.43;01/06/2022
X;X;5353.37;01/06/2022
X;X;2908.62;01/06/2022
X;X;2908.62;01/06/2022
X;X;27911.15;01/06/2022
X;X;14505.41;01/06/2022
X;X;13405.74;01/06/2022
X;X;3292.07;01/06/2022
X;X;3292.07;01/06/2022
X;X;2716.3500000000004;01/06/2022
X;X;411.45833333333337;01/06/2022
Chiffre d'affaires;Chiffre d'affaires;175896.69999999998;01/07/2022
Charges d'exploitation;Charges d'exploitation;0;01/07/2022
Dépenses RH;Dépenses RH;111261.12;01/07/2022
Rémunérations;Rémunérations;78552.36;01/07/2022
Stages;Stages;2593.5;01/07/2022
Congés payés;Congés payés;0;01/07/2022
Charges sociales;Charges sociales;8988.45;01/07/2022
Ursaff;Ursaff;21126.81;01/07/2022
Charges financière;Charges financière;0;01/07/2022
CHARGES récurrentes;CHARGES récurrentes;111261.12;01/07/2022
Résultat;Résultat;64635.57999999999;01/07/2022
Remboursement de prêt CA - 500k€??;Remboursement de prêt CA - 500k€??;1965.06;01/07/2022
Salarié;Salarié;117531.99333333333;01/07/2022
X;X;38872.770000000004;01/07/2022
X;X;0;01/07/2022
X;X;4001.85;01/07/2022
X;X;4112.73;01/07/2022
X;X;4017.44;01/07/2022
X;X;4109.83;01/07/2022
X;X;3820.48;01/07/2022
X;X;6650.48;01/07/2022
X;X;4411.23;01/07/2022
X;X;7748.73;01/07/2022
X;X;26183.46;01/07/2022
X;X;4791.63;01/07/2022
X;X;3622.86;01/07/2022
X;X;0;01/07/2022
X;X;4566.17;01/07/2022
X;X;8451.56;01/07/2022
X;X;4751.24;01/07/2022
X;X;14964.369999999999;01/07/2022
X;X;6079.08;01/07/2022
X;X;3167.79;01/07/2022
X;X;2858.75;01/07/2022
X;X;2858.75;01/07/2022
X;X;27879.83;01/07/2022
X;X;14489.75;01/07/2022
X;X;13390.08;01/07/2022
X;X;3834.98;01/07/2022
X;X;3834.98;01/07/2022
X;X;2593.5;01/07/2022
X;X;3203.0833333333335;01/07/2022
Chiffre d'affaires;Chiffre d'affaires;113490.81;01/08/2022
Charges d'exploitation;Charges d'exploitation;0;01/08/2022
Dépenses RH;Dépenses RH;112427.09;01/08/2022
Rémunérations;Rémunérations;80151.51;01/08/2022
Stages;Stages;1938.3000000000002;01/08/2022
Congés payés;Congés payés;0;01/08/2022
Charges sociales;Charges sociales;9120.32;01/08/2022
Ursaff;Ursaff;21216.96;01/08/2022
Charges financière;Charges financière;0;01/08/2022
CHARGES récurrentes;CHARGES récurrentes;112427.09;01/08/2022
Impôt sur les sociétés;Impôt sur les sociétés;39569;01/08/2022
Résultat;Résultat;-38505.28;01/08/2022
Remboursement de prêt CA - 500k€??;Remboursement de prêt CA - 500k€??;1970.71;01/08/2022
Salarié;Salarié;115216.26999999999;01/08/2022
X;X;43631.979999999996;01/08/2022
X;X;0;01/08/2022
X;X;4024.43;01/08/2022
X;X;4128.11;01/08/2022
X;X;4232.42;01/08/2022
X;X;4128.37;01/08/2022
X;X;3927.28;01/08/2022
X;X;6645.26;01/08/2022
X;X;5996.11;01/08/2022
X;X;7750;01/08/2022
X;X;2800;01/08/2022
X;X;22373.63;01/08/2022
X;X;4734.21;01/08/2022
X;X;3600.79;01/08/2022
X;X;0;01/08/2022
X;X;4554.13;01/08/2022
X;X;9119.73;01/08/2022
X;X;0;01/08/2022
X;X;364.77;01/08/2022
X;X;15656.759999999998;01/08/2022
X;X;5962.58;01/08/2022
X;X;3798.56;01/08/2022
X;X;2947.81;01/08/2022
X;X;2947.81;01/08/2022
X;X;27764.989999999998;01/08/2022
X;X;14432.33;01/08/2022
X;X;13332.66;01/08/2022
X;X;3850.61;01/08/2022
X;X;3850.61;01/08/2022
X;X;1938.3000000000002;01/08/2022
X;X;0;01/08/2022
Chiffre d'affaires;Chiffre d'affaires;149876.62;01/09/2022
Charges d'exploitation;Charges d'exploitation;0;01/09/2022
Dépenses RH;Dépenses RH;123344;01/09/2022
Rémunérations;Rémunérations;123344;01/09/2022
Charges financière;Charges financière;0;01/09/2022
CHARGES récurrentes;CHARGES récurrentes;123344;01/09/2022
Résultat;Résultat;26532.619999999995;01/09/2022
Remboursement de prêt BPI - 900 k€ : début 2026;Remboursement de prêt BPI - 900 k€ : début 2026;7500;01/09/2022
Remboursement de prêt CA - 500k€??;Remboursement de prêt CA - 500k€??;1976.38;01/09/2022
Salarié;Salarié;123344;01/09/2022
X;X;44374;01/09/2022
X;X;0;01/09/2022
X;X;4000;01/09/2022
X;X;4100;01/09/2022
X;X;4100;01/09/2022
X;X;4130;01/09/2022
X;X;3840;01/09/2022
X;X;6600;01/09/2022
X;X;4480;01/09/2022
X;X;7750;01/09/2022
X;X;2800;01/09/2022
X;X;2574;01/09/2022
X;X;28420;01/09/2022
X;X;4700;01/09/2022
X;X;4300;01/09/2022
X;X;0;01/09/2022
X;X;4250;01/09/2022
X;X;0;01/09/2022
X;X;8000;01/09/2022
X;X;4420;01/09/2022
X;X;2750;01/09/2022
X;X;9300;01/09/2022
X;X;6000;01/09/2022
X;X;3300;01/09/2022
X;X;0;01/09/2022
X;X;0;01/09/2022
X;X;27900;01/09/2022
X;X;14500;01/09/2022
X;X;13400;01/09/2022
X;X;9850;01/09/2022
X;X;3850;01/09/2022
X;X;6000;01/09/2022
X;X;2000;01/09/2022
X;X;1500;01/09/2022
Chiffre d'affaires;Chiffre d'affaires;79388.56000000001;01/10/2022
Charges d'exploitation;Charges d'exploitation;0;01/10/2022
Dépenses RH;Dépenses RH;134820;01/10/2022
Rémunérations;Rémunérations;134820;01/10/2022
Charges financière;Charges financière;0;01/10/2022
CHARGES récurrentes;CHARGES récurrentes;134820;01/10/2022
Résultat;Résultat;-55431.43999999999;01/10/2022
Remboursement de prêt CA - 500k€??;Remboursement de prêt CA - 500k€??;1950;01/10/2022
Salarié;Salarié;134820;01/10/2022
X;X;50550;01/10/2022
X;X;4000;01/10/2022
X;X;2050;01/10/2022
X;X;4100;01/10/2022
X;X;4130;01/10/2022
X;X;3840;01/10/2022
X;X;6600;01/10/2022
X;X;4480;01/10/2022
X;X;7750;01/10/2022
X;X;2800;01/10/2022
X;X;3800;01/10/2022
X;X;7000;01/10/2022
X;X;28720;01/10/2022
X;X;0;01/10/2022
X;X;4300;01/10/2022
X;X;4250;01/10/2022
X;X;5000;01/10/2022
X;X;0;01/10/2022
X;X;8000;01/10/2022
X;X;4420;01/10/2022
X;X;2750;01/10/2022
X;X;14300;01/10/2022
X;X;6000;01/10/2022
X;X;3300;01/10/2022
X;X;0;01/10/2022
X;X;0;01/10/2022
X;X;5000;01/10/2022
X;X;27900;01/10/2022
X;X;14500;01/10/2022
X;X;13400;01/10/2022
X;X;9850;01/10/2022
X;X;3850;01/10/2022
X;X;6000;01/10/2022
X;X;2000;01/10/2022
X;X;1500;01/10/2022
Chiffre d'affaires;Chiffre d'affaires;146315.02;01/11/2022
Charges d'exploitation;Charges d'exploitation;0;01/11/2022
Dépenses RH;Dépenses RH;132770;01/11/2022
Rémunérations;Rémunérations;132770;01/11/2022
Charges financière;Charges financière;0;01/11/2022
CHARGES récurrentes;CHARGES récurrentes;132770;01/11/2022
Résultat;Résultat;13545.01999999999;01/11/2022
Remboursement de prêt CA - 500k€??;Remboursement de prêt CA - 500k€??;1950;01/11/2022
Salarié;Salarié;132770;01/11/2022
X;X;48500;01/11/2022
X;X;4000;01/11/2022
X;X;0;01/11/2022
X;X;4100;01/11/2022
X;X;4130;01/11/2022
X;X;3840;01/11/2022
X;X;6600;01/11/2022
X;X;4480;01/11/2022
X;X;7750;01/11/2022
X;X;2800;01/11/2022
X;X;3800;01/11/2022
X;X;7000;01/11/2022
X;X;28720;01/11/2022
X;X;4300;01/11/2022
X;X;4250;01/11/2022
X;X;5000;01/11/2022
X;X;8000;01/11/2022
X;X;4420;01/11/2022
X;X;2750;01/11/2022
X;X;14300;01/11/2022
X;X;6000;01/11/2022
X;X;3300;01/11/2022
X;X;0;01/11/2022
X;X;0;01/11/2022
X;X;5000;01/11/2022
X;X;27900;01/11/2022
X;X;14500;01/11/2022
X;X;13400;01/11/2022
X;X;9850;01/11/2022
X;X;3850;01/11/2022
X;X;6000;01/11/2022
X;X;2000;01/11/2022
X;X;1500;01/11/2022
Chiffre d'affaires;Chiffre d'affaires;173783.47;01/12/2022
Charges d'exploitation;Charges d'exploitation;0;01/12/2022
Dépenses non récurrentes;;primes;01/12/2022
Dépenses RH;Dépenses RH;208952;01/12/2022
Rémunérations;Rémunérations;157770;01/12/2022
Congés payés;Congés payés;51182;01/12/2022
Charges financière;Charges financière;0;01/12/2022
CHARGES récurrentes;CHARGES récurrentes;157770;01/12/2022
Impôt sur les sociétés;Impôt sur les sociétés;-60000;01/12/2022
Résultat;Résultat;24831.47;01/12/2022
Remboursement de prêt CA - 500k€??;Remboursement de prêt CA - 500k€??;1950;01/12/2022
Salarié;Salarié;157770;01/12/2022
X;X;48500;01/12/2022
X;X;4000;01/12/2022
X;X;0;01/12/2022
X;X;4100;01/12/2022
X;X;4130;01/12/2022
X;X;3840;01/12/2022
X;X;6600;01/12/2022
X;X;4480;01/12/2022
X;X;7750;01/12/2022
X;X;2800;01/12/2022
X;X;3800;01/12/2022
X;X;7000;01/12/2022
X;X;33720;01/12/2022
X;X;4300;01/12/2022
X;X;4250;01/12/2022
X;X;5000;01/12/2022
X;X;5000;01/12/2022
X;X;8000;01/12/2022
X;X;4420;01/12/2022
X;X;2750;01/12/2022
X;X;34300;01/12/2022
X;X;6000;01/12/2022
X;X;3300;01/12/2022
X;X;0;01/12/2022
X;X;0;01/12/2022
X;X;5000;01/12/2022
X;X;20000;01/12/2022
X;X;27900;01/12/2022
X;X;14500;01/12/2022
X;X;13400;01/12/2022
X;X;9850;01/12/2022
X;X;3850;01/12/2022
X;X;6000;01/12/2022
X;X;2000;01/12/2022
X;X;1500;01/12/2022
Chiffre d'affaires;Chiffre d'affaires;156135;01/01/2023
Charges d'exploitation;Charges d'exploitation;0;01/01/2023
Dépenses RH;Dépenses RH;164880;01/01/2023
Rémunérations;Rémunérations;160880;01/01/2023
Charges sociales;Charges sociales;4000;01/01/2023
Charges financière;Charges financière;0;01/01/2023
CHARGES récurrentes;CHARGES récurrentes;164880;01/01/2023
Résultat;Résultat;-8745;01/01/2023
Remboursement de prêt BPI - 900 k€ : début 2026;Remboursement de prêt BPI - 900 k€ : début 2026;7500;01/01/2023
Remboursement de prêt CA - 500k€??;Remboursement de prêt CA - 500k€??;1100;01/01/2023
Salarié;Salarié;160880;01/01/2023
X;X;49210;01/01/2023
X;X;4000;01/01/2023
X;X;4300;01/01/2023
X;X;4130;01/01/2023
X;X;4100;01/01/2023
X;X;6600;01/01/2023
X;X;4480;01/01/2023
X;X;7750;01/01/2023
X;X;2800;01/01/2023
X;X;3800;01/01/2023
X;X;7250;01/01/2023
X;X;35220;01/01/2023
X;X;4300;01/01/2023
X;X;4250;01/01/2023
X;X;5100;01/01/2023
X;X;5100;01/01/2023
X;X;9300;01/01/2023
X;X;4420;01/01/2023
X;X;2750;01/01/2023
X;X;31100;01/01/2023
X;X;6000;01/01/2023
X;X;0;01/01/2023
X;X;0;01/01/2023
X;X;5100;01/01/2023
X;X;20000;01/01/2023
X;X;27900;01/01/2023
X;X;14500;01/01/2023
X;X;13400;01/01/2023
X;X;9850;01/01/2023
X;X;3850;01/01/2023
X;X;6000;01/01/2023
X;X;6100;01/01/2023
X;X;1500;01/01/2023
Chiffre d'affaires;Chiffre d'affaires;153096;01/02/2023
Charges d'exploitation;Charges d'exploitation;0;01/02/2023
Dépenses RH;Dépenses RH;164980;01/02/2023
Rémunérations;Rémunérations;160980;01/02/2023
Charges sociales;Charges sociales;4000;01/02/2023
Charges financière;Charges financière;0;01/02/2023
CHARGES récurrentes;CHARGES récurrentes;164980;01/02/2023
Résultat;Résultat;-11884;01/02/2023
Salarié;Salarié;160980;01/02/2023
X;X;49310;01/02/2023
X;X;4000;01/02/2023
X;X;4300;01/02/2023
X;X;4130;01/02/2023
X;X;4200;01/02/2023
X;X;6600;01/02/2023
X;X;4480;01/02/2023
X;X;7750;01/02/2023
X;X;2800;01/02/2023
X;X;3800;01/02/2023
X;X;7250;01/02/2023
X;X;35220;01/02/2023
X;X;4300;01/02/2023
X;X;4250;01/02/2023
X;X;5100;01/02/2023
X;X;5100;01/02/2023
X;X;9300;01/02/2023
X;X;4420;01/02/2023
X;X;2750;01/02/2023
X;X;31100;01/02/2023
X;X;6000;01/02/2023
X;X;0;01/02/2023
X;X;0;01/02/2023
X;X;5100;01/02/2023
X;X;20000;01/02/2023
X;X;27900;01/02/2023
X;X;14500;01/02/2023
X;X;13400;01/02/2023
X;X;9850;01/02/2023
X;X;3850;01/02/2023
X;X;6000;01/02/2023
X;X;6100;01/02/2023
X;X;1500;01/02/2023
Chiffre d'affaires;Chiffre d'affaires;151521;01/03/2023
Charges d'exploitation;Charges d'exploitation;0;01/03/2023
Dépenses RH;Dépenses RH;162330;01/03/2023
Rémunérations;Rémunérations;158330;01/03/2023
Charges sociales;Charges sociales;4000;01/03/2023
Charges financière;Charges financière;0;01/03/2023
CHARGES récurrentes;CHARGES récurrentes;162330;01/03/2023
Résultat;Résultat;-10809;01/03/2023
Remboursement de prêt BPI - 900 k€ : début 2026;Remboursement de prêt BPI - 900 k€ : début 2026;7500;01/03/2023
Remboursement de prêt BNP - 200 k€;Remboursement de prêt BNP - 200 k€;3750;01/03/2023
Salarié;Salarié;158330;01/03/2023
X;X;49830;01/03/2023
X;X;4000;01/03/2023
X;X;4300;01/03/2023
X;X;4130;01/03/2023
X;X;4200;01/03/2023
X;X;6600;01/03/2023
X;X;5000;01/03/2023
X;X;2800;01/03/2023
X;X;3800;01/03/2023
X;X;7750;01/03/2023
X;X;7250;01/03/2023
X;X;30950;01/03/2023
X;X;4300;01/03/2023
X;X;4400;01/03/2023
X;X;5100;01/03/2023
X;X;5100;01/03/2023
X;X;9300;01/03/2023
X;X;2750;01/03/2023
X;X;31100;01/03/2023
X;X;6000;01/03/2023
X;X;0;01/03/2023
X;X;0;01/03/2023
X;X;5100;01/03/2023
X;X;20000;01/03/2023
X;X;27900;01/03/2023
X;X;14500;01/03/2023
X;X;13400;01/03/2023
X;X;9850;01/03/2023
X;X;3850;01/03/2023
X;X;6000;01/03/2023
X;X;6100;01/03/2023
X;X;1500;01/03/2023
X;X;1100;01/03/2023
Chiffre d'affaires;Chiffre d'affaires;149748;01/04/2023
Charges d'exploitation;Charges d'exploitation;0;01/04/2023
Dépenses RH;Dépenses RH;157540;01/04/2023
Rémunérations;Rémunérations;153540;01/04/2023
Charges sociales;Charges sociales;4000;01/04/2023
Charges financière;Charges financière;0;01/04/2023
CHARGES récurrentes;CHARGES récurrentes;157540;01/04/2023
Résultat;Résultat;-7792;01/04/2023
Remboursement de prêt CA - 500k€??;Remboursement de prêt CA - 500k€??;9950;01/04/2023
Remboursement de prêt BNP - 200 k€;Remboursement de prêt BNP - 200 k€;3750;01/04/2023
Salarié;Salarié;153540;01/04/2023
X;X;41290;01/04/2023
X;X;4200;01/04/2023
X;X;4300;01/04/2023
X;X;4130;01/04/2023
X;X;4200;01/04/2023
X;X;6600;01/04/2023
X;X;2800;01/04/2023
X;X;3800;01/04/2023
X;X;3510;01/04/2023
X;X;7750;01/04/2023
X;X;31600;01/04/2023
X;X;4300;01/04/2023
X;X;4400;01/04/2023
X;X;5100;01/04/2023
X;X;5100;01/04/2023
X;X;9300;01/04/2023
X;X;3400;01/04/2023
X;X;32300;01/04/2023
X;X;6000;01/04/2023
X;X;1200;01/04/2023
X;X;5100;01/04/2023
X;X;20000;01/04/2023
X;X;27900;01/04/2023
X;X;14500;01/04/2023
X;X;13400;01/04/2023
X;X;9850;01/04/2023
X;X;3850;01/04/2023
X;X;6000;01/04/2023
X;X;8000;01/04/2023
X;X;1500;01/04/2023
X;X;1100;01/04/2023
Chiffre d'affaires;Chiffre d'affaires;140653;01/05/2023
Charges d'exploitation;Charges d'exploitation;0;01/05/2023
Dépenses RH;Dépenses RH;158740;01/05/2023
Rémunérations;Rémunérations;154740;01/05/2023
Charges sociales;Charges sociales;4000;01/05/2023
Charges financière;Charges financière;0;01/05/2023
CHARGES récurrentes;CHARGES récurrentes;158740;01/05/2023
Résultat;Résultat;-18087;01/05/2023
Remboursement de prêt CA - 500k€??;Remboursement de prêt CA - 500k€??;9950;01/05/2023
Remboursement de prêt BNP - 200 k€;Remboursement de prêt BNP - 200 k€;3750;01/05/2023
Salarié;Salarié;154740;01/05/2023
X;X;41790;01/05/2023
X;X;4200;01/05/2023
X;X;4300;01/05/2023
X;X;4130;01/05/2023
X;X;4200;01/05/2023
X;X;6600;01/05/2023
X;X;2800;01/05/2023
X;X;4300;01/05/2023
X;X;3510;01/05/2023
X;X;7750;01/05/2023
X;X;31600;01/05/2023
X;X;4300;01/05/2023
X;X;4400;01/05/2023
X;X;5100;01/05/2023
X;X;5100;01/05/2023
X;X;9300;01/05/2023
X;X;3400;01/05/2023
X;X;34100;01/05/2023
X;X;6000;01/05/2023
X;X;3000;01/05/2023
X;X;5100;01/05/2023
X;X;20000;01/05/2023
X;X;27900;01/05/2023
X;X;14500;01/05/2023
X;X;13400;01/05/2023
X;X;9850;01/05/2023
X;X;3850;01/05/2023
X;X;6000;01/05/2023
X;X;8000;01/05/2023
X;X;1500;01/05/2023
Chiffre d'affaires;Chiffre d'affaires;149145;01/06/2023
Charges d'exploitation;Charges d'exploitation;0;01/06/2023
Dépenses RH;Dépenses RH;160740;01/06/2023
Rémunérations;Rémunérations;156740;01/06/2023
Charges sociales;Charges sociales;4000;01/06/2023
Charges financière;Charges financière;0;01/06/2023
CHARGES récurrentes;CHARGES récurrentes;160740;01/06/2023
Résultat;Résultat;-11595;01/06/2023
Remboursement de prêt BPI - 900 k€ : début 2026;Remboursement de prêt BPI - 900 k€ : début 2026;7500;01/06/2023
Remboursement de prêt CA - 500k€??;Remboursement de prêt CA - 500k€??;9950;01/06/2023
Remboursement de prêt BNP - 200 k€;Remboursement de prêt BNP - 200 k€;3750;01/06/2023
Salarié;Salarié;156740;01/06/2023
X;X;41790;01/06/2023
X;X;4200;01/06/2023
X;X;4300;01/06/2023
X;X;4130;01/06/2023
X;X;4200;01/06/2023
X;X;6600;01/06/2023
X;X;2800;01/06/2023
X;X;4300;01/06/2023
X;X;3510;01/06/2023
X;X;7750;01/06/2023
X;X;31600;01/06/2023
X;X;4300;01/06/2023
X;X;4400;01/06/2023
X;X;5100;01/06/2023
X;X;5100;01/06/2023
X;X;9300;01/06/2023
X;X;3400;01/06/2023
X;X;31600;01/06/2023
X;X;6000;01/06/2023
X;X;3000;01/06/2023
X;X;5100;01/06/2023
X;X;17500;01/06/2023
X;X;27900;01/06/2023
X;X;14500;01/06/2023
X;X;13400;01/06/2023
X;X;13250;01/06/2023
X;X;3850;01/06/2023
X;X;3400;01/06/2023
X;X;6000;01/06/2023
X;X;8000;01/06/2023
X;X;1500;01/06/2023
X;X;1100;01/06/2023
Chiffre d'affaires;Chiffre d'affaires;148458.6;01/07/2023
Charges d'exploitation;Charges d'exploitation;0;01/07/2023
Dépenses RH;Dépenses RH;156890;01/07/2023
Rémunérations;Rémunérations;152890;01/07/2023
Charges sociales;Charges sociales;4000;01/07/2023
Charges financière;Charges financière;0;01/07/2023
CHARGES récurrentes;CHARGES récurrentes;156890;01/07/2023
Résultat;Résultat;-8431.399999999994;01/07/2023
Remboursement de prêt BPI - 900 k€ : début 2026;Remboursement de prêt BPI - 900 k€ : début 2026;7500;01/07/2023
Remboursement de prêt CA - 500k€??;Remboursement de prêt CA - 500k€??;9950;01/07/2023
Remboursement de prêt BNP - 200 k€;Remboursement de prêt BNP - 200 k€;3750;01/07/2023
Salarié;Salarié;152890;01/07/2023
X;X;41790;01/07/2023
X;X;4200;01/07/2023
X;X;4300;01/07/2023
X;X;4130;01/07/2023
X;X;4200;01/07/2023
X;X;6600;01/07/2023
X;X;2800;01/07/2023
X;X;4300;01/07/2023
X;X;3510;01/07/2023
X;X;7750;01/07/2023
X;X;31600;01/07/2023
X;X;4300;01/07/2023
X;X;4400;01/07/2023
X;X;5100;01/07/2023
X;X;5100;01/07/2023
X;X;9300;01/07/2023
X;X;3400;01/07/2023
X;X;31600;01/07/2023
X;X;6000;01/07/2023
X;X;3000;01/07/2023
X;X;5100;01/07/2023
X;X;17500;01/07/2023
X;X;27900;01/07/2023
X;X;14500;01/07/2023
X;X;13400;01/07/2023
X;X;9400;01/07/2023
X;X;3400;01/07/2023
X;X;6000;01/07/2023
X;X;8000;01/07/2023
X;X;1500;01/07/2023
X;X;1100;01/07/2023
Chiffre d'affaires;Chiffre d'affaires;149878.6;01/08/2023
Charges d'exploitation;Charges d'exploitation;0;01/08/2023
Dépenses RH;Dépenses RH;152760;01/08/2023
Rémunérations;Rémunérations;148760;01/08/2023
Charges sociales;Charges sociales;4000;01/08/2023
Charges financière;Charges financière;0;01/08/2023
CHARGES récurrentes;CHARGES récurrentes;152760;01/08/2023
Résultat;Résultat;-2881.399999999994;01/08/2023
Remboursement de prêt CA - 500k€??;Remboursement de prêt CA - 500k€??;9950;01/08/2023
Remboursement de prêt BNP - 200 k€;Remboursement de prêt BNP - 200 k€;3750;01/08/2023
Salarié;Salarié;148760;01/08/2023
X;X;37660;01/08/2023
X;X;4200;01/08/2023
X;X;4300;01/08/2023
X;X;4200;01/08/2023
X;X;6600;01/08/2023
X;X;2800;01/08/2023
X;X;4300;01/08/2023
X;X;3510;01/08/2023
X;X;7750;01/08/2023
X;X;31600;01/08/2023
X;X;4300;01/08/2023
X;X;4400;01/08/2023
X;X;5100;01/08/2023
X;X;5100;01/08/2023
X;X;9300;01/08/2023
X;X;3400;01/08/2023
X;X;31600;01/08/2023
X;X;6000;01/08/2023
X;X;3000;01/08/2023
X;X;5100;01/08/2023
X;X;17500;01/08/2023
X;X;27900;01/08/2023
X;X;14500;01/08/2023
X;X;13400;01/08/2023
X;X;9400;01/08/2023
X;X;3400;01/08/2023
X;X;6000;01/08/2023
X;X;8000;01/08/2023
X;X;1500;01/08/2023
X;X;1100;01/08/2023
Chiffre d'affaires;Chiffre d'affaires;155124.351;01/09/2023
Charges d'exploitation;Charges d'exploitation;0;01/09/2023
Dépenses RH;Dépenses RH;146660;01/09/2023
Rémunérations;Rémunérations;143660;01/09/2023
Charges sociales;Charges sociales;3000;01/09/2023
Charges financière;Charges financière;0;01/09/2023
CHARGES récurrentes;CHARGES récurrentes;146660;01/09/2023
Résultat;Résultat;8464.350999999995;01/09/2023
Remboursement de prêt CA - 500k€??;Remboursement de prêt CA - 500k€??;9950;01/09/2023
Remboursement de prêt BNP - 200 k€;Remboursement de prêt BNP - 200 k€;3750;01/09/2023
Salarié;Salarié;143660;01/09/2023
X;X;37660;01/09/2023
X;X;4200;01/09/2023
X;X;4300;01/09/2023
X;X;4200;01/09/2023
X;X;6600;01/09/2023
X;X;2800;01/09/2023
X;X;4300;01/09/2023
X;X;3510;01/09/2023
X;X;7750;01/09/2023
X;X;31600;01/09/2023
X;X;4300;01/09/2023
X;X;4400;01/09/2023
X;X;5100;01/09/2023
X;X;5100;01/09/2023
X;X;9300;01/09/2023
X;X;3400;01/09/2023
X;X;26500;01/09/2023
X;X;6000;01/09/2023
X;X;3000;01/09/2023
X;X;17500;01/09/2023
X;X;27900;01/09/2023
X;X;14500;01/09/2023
X;X;13400;01/09/2023
X;X;9400;01/09/2023
X;X;3400;01/09/2023
X;X;6000;01/09/2023
X;X;8000;01/09/2023
X;X;1500;01/09/2023
X;X;1100;01/09/2023
Chiffre d'affaires;Chiffre d'affaires;160553.703285;01/10/2023
Charges d'exploitation;Charges d'exploitation;0;01/10/2023
Dépenses RH;Dépenses RH;155060;01/10/2023
Rémunérations;Rémunérations;152060;01/10/2023
Charges sociales;Charges sociales;3000;01/10/2023
Charges financière;Charges financière;0;01/10/2023
CHARGES récurrentes;CHARGES récurrentes;155060;01/10/2023
Résultat;Résultat;5493.703284999996;01/10/2023
Remboursement de prêt CA - 500k€??;Remboursement de prêt CA - 500k€??;9950;01/10/2023
Remboursement de prêt BNP - 200 k€;Remboursement de prêt BNP - 200 k€;3750;01/10/2023
Salarié;Salarié;152060;01/10/2023
X;X;43760;01/10/2023
X;X;4200;01/10/2023
X;X;4300;01/10/2023
X;X;4200;01/10/2023
X;X;6600;01/10/2023
X;X;2800;01/10/2023
X;X;4300;01/10/2023
X;X;3510;01/10/2023
X;X;7750;01/10/2023
X;X;2100;01/10/2023
X;X;4000;01/10/2023
X;X;31600;01/10/2023
X;X;4300;01/10/2023
X;X;4400;01/10/2023
X;X;5100;01/10/2023
X;X;5100;01/10/2023
X;X;9300;01/10/2023
X;X;3400;01/10/2023
X;X;29900;01/10/2023
X;X;6000;01/10/2023
X;X;3000;01/10/2023
X;X;17500;01/10/2023
X;X;3400;01/10/2023
X;X;27900;01/10/2023
X;X;14500;01/10/2023
X;X;13400;01/10/2023
X;X;9400;01/10/2023
X;X;3400;01/10/2023
X;X;6000;01/10/2023
X;X;8000;01/10/2023
X;X;1500;01/10/2023
Chiffre d'affaires;Chiffre d'affaires;166173.08289997498;01/11/2023
Charges d'exploitation;Charges d'exploitation;0;01/11/2023
Dépenses RH;Dépenses RH;158460;01/11/2023
Rémunérations;Rémunérations;155460;01/11/2023
Charges sociales;Charges sociales;3000;01/11/2023
Charges financière;Charges financière;0;01/11/2023
CHARGES récurrentes;CHARGES récurrentes;158460;01/11/2023
Résultat;Résultat;7713.082899974979;01/11/2023
Remboursement de prêt CA - 500k€??;Remboursement de prêt CA - 500k€??;9950;01/11/2023
Remboursement de prêt BNP - 200 k€;Remboursement de prêt BNP - 200 k€;3750;01/11/2023
Salarié;Salarié;155460;01/11/2023
X;X;43760;01/11/2023
X;X;4200;01/11/2023
X;X;4300;01/11/2023
X;X;4200;01/11/2023
X;X;6600;01/11/2023
X;X;2800;01/11/2023
X;X;4300;01/11/2023
X;X;3510;01/11/2023
X;X;7750;01/11/2023
X;X;2100;01/11/2023
X;X;4000;01/11/2023
X;X;31600;01/11/2023
X;X;4300;01/11/2023
X;X;4400;01/11/2023
X;X;5100;01/11/2023
X;X;5100;01/11/2023
X;X;9300;01/11/2023
X;X;3400;01/11/2023
X;X;33300;01/11/2023
X;X;6000;01/11/2023
X;X;3000;01/11/2023
X;X;3400;01/11/2023
X;X;17500;01/11/2023
X;X;3400;01/11/2023
X;X;27900;01/11/2023
X;X;14500;01/11/2023
X;X;13400;01/11/2023
X;X;9400;01/11/2023
X;X;3400;01/11/2023
X;X;6000;01/11/2023
X;X;8000;01/11/2023
X;X;1500;01/11/2023
Chiffre d'affaires;Chiffre d'affaires;171989.1408014741;01/12/2023
Charges d'exploitation;Charges d'exploitation;0;01/12/2023
Dépenses RH;Dépenses RH;156705;01/12/2023
Rémunérations;Rémunérations;153705;01/12/2023
Charges sociales;Charges sociales;3000;01/12/2023
Charges financière;Charges financière;0;01/12/2023
CHARGES récurrentes;CHARGES récurrentes;156705;01/12/2023
Impôt sur les sociétés;Impôt sur les sociétés;-85000;01/12/2023
Résultat;Résultat;100284.1408014741;01/12/2023
Remboursement de prêt CA - 500k€??;Remboursement de prêt CA - 500k€??;9950;01/12/2023
Remboursement de prêt BNP - 200 k€;Remboursement de prêt BNP - 200 k€;3750;01/12/2023
Salarié;Salarié;153705;01/12/2023
X;X;42005;01/12/2023
X;X;4200;01/12/2023
X;X;4300;01/12/2023
X;X;4200;01/12/2023
X;X;6600;01/12/2023
X;X;2800;01/12/2023
X;X;4300;01/12/2023
X;X;1755;01/12/2023
X;X;7750;01/12/2023
X;X;2100;01/12/2023
X;X;4000;01/12/2023
X;X;31600;01/12/2023
X;X;4300;01/12/2023
X;X;4400;01/12/2023
X;X;5100;01/12/2023
X;X;5100;01/12/2023
X;X;9300;01/12/2023
X;X;3400;01/12/2023
X;X;33300;01/12/2023
X;X;6000;01/12/2023
X;X;3000;01/12/2023
X;X;3400;01/12/2023
X;X;17500;01/12/2023
X;X;3400;01/12/2023
X;X;27900;01/12/2023
X;X;14500;01/12/2023
X;X;13400;01/12/2023
X;X;9400;01/12/2023
X;X;3400;01/12/2023
X;X;6000;01/12/2023
X;X;8000;01/12/2023
X;X;1500;01/12/2023
Chiffre d'affaires;Chiffre d'affaires;89062.95;01/01/2024
Charges d'exploitation;Charges d'exploitation;0;01/01/2024
Dépenses RH;Dépenses RH;124550;01/01/2024
Rémunérations;Rémunérations;120550;01/01/2024
Charges sociales;Charges sociales;4000;01/01/2024
Charges financière;Charges financière;0;01/01/2024
CHARGES récurrentes;CHARGES récurrentes;124550;01/01/2024
Résultat;Résultat;-35487.05;01/01/2024
Remboursement de prêt CA - 500k€??;Remboursement de prêt CA - 500k€??;9950;01/01/2024
Remboursement de prêt BNP - 200 k€;Remboursement de prêt BNP - 200 k€;3750;01/01/2024
Salarié;Salarié;120550;01/01/2024
X;X;40250;01/01/2024
X;X;4200;01/01/2024
X;X;4300;01/01/2024
X;X;4200;01/01/2024
X;X;6600;01/01/2024
X;X;2800;01/01/2024
X;X;4300;01/01/2024
X;X;7750;01/01/2024
X;X;2100;01/01/2024
X;X;4000;01/01/2024
X;X;31500;01/01/2024
X;X;4300;01/01/2024
X;X;4400;01/01/2024
X;X;5100;01/01/2024
X;X;5000;01/01/2024
X;X;9300;01/01/2024
X;X;3400;01/01/2024
X;X;33300;01/01/2024
X;X;6000;01/01/2024
X;X;3000;01/01/2024
X;X;3400;01/01/2024
X;X;17500;01/01/2024
X;X;0;01/01/2024
X;X;3400;01/01/2024
X;X;0;01/01/2024
X;X;6000;01/01/2024
X;X;6000;01/01/2024
X;X;8000;01/01/2024
X;X;1500;01/01/2024
Chiffre d'affaires;Chiffre d'affaires;234279.5;01/02/2024
Charges d'exploitation;Charges d'exploitation;0;01/02/2024
Dépenses RH;Dépenses RH;117550.02333333333;01/02/2024
Rémunérations;Rémunérations;113550.02333333333;01/02/2024
Charges sociales;Charges sociales;4000;01/02/2024
Charges financière;Charges financière;0;01/02/2024
CHARGES récurrentes;CHARGES récurrentes;117550.02333333333;01/02/2024
Résultat;Résultat;116729.47666666667;01/02/2024
Remboursement de prêt CA - 500k€??;Remboursement de prêt CA - 500k€??;9950;01/02/2024
Remboursement de prêt BNP - 200 k€;Remboursement de prêt BNP - 200 k€;3750;01/02/2024
Salarié;Salarié;113550.02333333333;01/02/2024
X;X;40250;01/02/2024
X;X;4200;01/02/2024
X;X;4300;01/02/2024
X;X;4200;01/02/2024
X;X;6600;01/02/2024
X;X;2800;01/02/2024
X;X;4300;01/02/2024
X;X;7750;01/02/2024
X;X;2100;01/02/2024
X;X;4000;01/02/2024
X;X;27500;01/02/2024
X;X;4300;01/02/2024
X;X;4400;01/02/2024
X;X;6100;01/02/2024
X;X;9300;01/02/2024
X;X;3400;01/02/2024
X;X;33300.02333333333;01/02/2024
X;X;6000;01/02/2024
X;X;3000;01/02/2024
X;X;3400;01/02/2024
X;X;17500;01/02/2024
X;X;0.023333333333333334;01/02/2024
X;X;3400;01/02/2024
X;X;0;01/02/2024
X;X;6000;01/02/2024
X;X;6000;01/02/2024
X;X;5000;01/02/2024
X;X;1500;01/02/2024
Chiffre d'affaires;Chiffre d'affaires;122300.5;01/03/2024
Charges d'exploitation;Charges d'exploitation;0;01/03/2024
Dépenses RH;Dépenses RH;126600.02333333333;01/03/2024
Rémunérations;Rémunérations;122600.02333333333;01/03/2024
Charges sociales;Charges sociales;4000;01/03/2024
Charges financière;Charges financière;0;01/03/2024
CHARGES récurrentes;CHARGES récurrentes;126600.02333333333;01/03/2024
Résultat;Résultat;-4299.523333333331;01/03/2024
Remboursement de prêt CA - 500k€??;Remboursement de prêt CA - 500k€??;9950;01/03/2024
Remboursement de prêt BNP - 200 k€;Remboursement de prêt BNP - 200 k€;3750;01/03/2024
Salarié;Salarié;122600.02333333333;01/03/2024
X;X;41450;01/03/2024
X;X;4200;01/03/2024
X;X;4300;01/03/2024
X;X;4000;01/03/2024
X;X;8000;01/03/2024
X;X;2800;01/03/2024
X;X;4300;01/03/2024
X;X;7750;01/03/2024
X;X;2100;01/03/2024
X;X;4000;01/03/2024
X;X;33100;01/03/2024
X;X;4300;01/03/2024
X;X;10000;01/03/2024
X;X;6100;01/03/2024
X;X;9300;01/03/2024
X;X;3400;01/03/2024
X;X;33300.02333333333;01/03/2024
X;X;6000;01/03/2024
X;X;3000;01/03/2024
X;X;3400;01/03/2024
X;X;17500;01/03/2024
X;X;0.023333333333333334;01/03/2024
X;X;3400;01/03/2024
X;X;0;01/03/2024
X;X;6000;01/03/2024
X;X;6000;01/03/2024
X;X;7250;01/03/2024
X;X;1500;01/03/2024
Chiffre d'affaires;Chiffre d'affaires;161904.5;01/04/2024
Charges d'exploitation;Charges d'exploitation;0;01/04/2024
Dépenses RH;Dépenses RH;111220.02333333333;01/04/2024
Rémunérations;Rémunérations;107220.02333333333;01/04/2024
Charges sociales;Charges sociales;4000;01/04/2024
Charges financière;Charges financière;0;01/04/2024
CHARGES récurrentes;CHARGES récurrentes;111220.02333333333;01/04/2024
Résultat;Résultat;50684.47666666667;01/04/2024
Remboursement de prêt CA - 500k€??;Remboursement de prêt CA - 500k€??;9950;01/04/2024
Remboursement de prêt BNP - 200 k€;Remboursement de prêt BNP - 200 k€;3750;01/04/2024
Salarié;Salarié;107220.02333333333;01/04/2024
X;X;35970;01/04/2024
X;X;4200;01/04/2024
X;X;4300;01/04/2024
X;X;4000;01/04/2024
X;X;2520;01/04/2024
X;X;2800;01/04/2024
X;X;4300;01/04/2024
X;X;7750;01/04/2024
X;X;2100;01/04/2024
X;X;4000;01/04/2024
X;X;23100;01/04/2024
X;X;4300;01/04/2024
X;X;6100;01/04/2024
X;X;9300;01/04/2024
X;X;3400;01/04/2024
X;X;33400.02333333333;01/04/2024
X;X;6000;01/04/2024
X;X;3000;01/04/2024
X;X;3400;01/04/2024
X;X;17500;01/04/2024
X;X;0.023333333333333334;01/04/2024
X;X;3500;01/04/2024
X;X;0;01/04/2024
X;X;6000;01/04/2024
X;X;6000;01/04/2024
X;X;7250;01/04/2024
X;X;1500;01/04/2024
Chiffre d'affaires;Chiffre d'affaires;230117.03;01/05/2024
Charges d'exploitation;Charges d'exploitation;0;01/05/2024
Dépenses RH;Dépenses RH;232750.02333333332;01/05/2024
Rémunérations;Rémunérations;228750.02333333332;01/05/2024
Charges sociales;Charges sociales;4000;01/05/2024
Charges financière;Charges financière;0;01/05/2024
CHARGES récurrentes;CHARGES récurrentes;232750.02333333332;01/05/2024
Résultat;Résultat;-2632.9933333333174;01/05/2024
Remboursement de prêt CA - 500k€??;Remboursement de prêt CA - 500k€??;9950;01/05/2024
Remboursement de prêt BNP - 200 k€;Remboursement de prêt BNP - 200 k€;3750;01/05/2024
Salarié;Salarié;228750.02333333332;01/05/2024
X;X;33450;01/05/2024
X;X;4200;01/05/2024
X;X;4300;01/05/2024
X;X;4000;01/05/2024
X;X;2800;01/05/2024
X;X;4300;01/05/2024
X;X;7750;01/05/2024
X;X;2100;01/05/2024
X;X;4000;01/05/2024
X;X;23100;01/05/2024
X;X;4300;01/05/2024
X;X;6100;01/05/2024
X;X;9300;01/05/2024
X;X;3400;01/05/2024
X;X;31900.023333333334;01/05/2024
X;X;3000;01/05/2024
X;X;3900;01/05/2024
X;X;3400;01/05/2024
X;X;17500;01/05/2024
X;X;0.023333333333333334;01/05/2024
X;X;4100;01/05/2024
X;X;125550;01/05/2024
X;X;65250;01/05/2024
X;X;60300;01/05/2024
X;X;6000;01/05/2024
X;X;6000;01/05/2024
X;X;7250;01/05/2024
X;X;1500;01/05/2024
Chiffre d'affaires;Chiffre d'affaires;132991.5;01/06/2024
Charges d'exploitation;Charges d'exploitation;0;01/06/2024
Dépenses RH;Dépenses RH;137788.02333333332;01/06/2024
Rémunérations;Rémunérations;133788.02333333332;01/06/2024
Charges sociales;Charges sociales;4000;01/06/2024
Charges financière;Charges financière;0;01/06/2024
CHARGES récurrentes;CHARGES récurrentes;137788.02333333332;01/06/2024
Résultat;Résultat;-4796.523333333316;01/06/2024
Remboursement de prêt CA - 500k€??;Remboursement de prêt CA - 500k€??;9950;01/06/2024
Remboursement de prêt BNP - 200 k€;Remboursement de prêt BNP - 200 k€;3750;01/06/2024
Salarié;Salarié;133788.02333333332;01/06/2024
X;X;35200;01/06/2024
X;X;4200;01/06/2024
X;X;4300;01/06/2024
X;X;4000;01/06/2024
X;X;2800;01/06/2024
X;X;4300;01/06/2024
X;X;7750;01/06/2024
X;X;2100;01/06/2024
X;X;4000;01/06/2024
X;X;1750;01/06/2024
X;X;23828;01/06/2024
X;X;4300;01/06/2024
X;X;6100;01/06/2024
X;X;9300;01/06/2024
X;X;4128;01/06/2024
X;X;34900.02333333333;01/06/2024
X;X;6000;01/06/2024
X;X;3900;01/06/2024
X;X;3400;01/06/2024
X;X;17500;01/06/2024
X;X;0.023333333333333334;01/06/2024
X;X;4100;01/06/2024
X;X;25110;01/06/2024
X;X;13050;01/06/2024
X;X;12060;01/06/2024
X;X;6000;01/06/2024
X;X;6000;01/06/2024
X;X;7250;01/06/2024
X;X;1500;01/06/2024
Chiffre d'affaires;Chiffre d'affaires;361413.25;01/07/2024
Charges d'exploitation;Charges d'exploitation;0;01/07/2024
Dépenses RH;Dépenses RH;145438.02333333332;01/07/2024
Rémunérations;Rémunérations;145438.02333333332;01/07/2024
Charges financière;Charges financière;0;01/07/2024
CHARGES récurrentes;CHARGES récurrentes;145438.02333333332;01/07/2024
Impôt sur les sociétés;Impôt sur les sociétés;74000;01/07/2024
Résultat;Résultat;141975.22666666668;01/07/2024
Remboursement de prêt CA - 500k€??;Remboursement de prêt CA - 500k€??;9950;01/07/2024
Remboursement de prêt BNP - 200 k€;Remboursement de prêt BNP - 200 k€;3750;01/07/2024
Salarié;Salarié;145438.02333333332;01/07/2024
X;X;36950;01/07/2024
X;X;4200;01/07/2024
X;X;4300;01/07/2024
X;X;4000;01/07/2024
X;X;2800;01/07/2024
X;X;4300;01/07/2024
X;X;7750;01/07/2024
X;X;2100;01/07/2024
X;X;4000;01/07/2024
X;X;3500;01/07/2024
X;X;35528;01/07/2024
X;X;4300;01/07/2024
X;X;3000;01/07/2024
X;X;6100;01/07/2024
X;X;18000;01/07/2024
X;X;4128;01/07/2024
X;X;39000.02333333333;01/07/2024
X;X;6000;01/07/2024
X;X;3900;01/07/2024
X;X;4100;01/07/2024
X;X;3400;01/07/2024
X;X;17500;01/07/2024
X;X;0.023333333333333334;01/07/2024
X;X;4100;01/07/2024
X;X;25110;01/07/2024
X;X;13050;01/07/2024
X;X;12060;01/07/2024
X;X;6600;01/07/2024
X;X;6600;01/07/2024
X;X;2250;01/07/2024
Chiffre d'affaires;Chiffre d'affaires;188238.98;01/08/2024
Charges d'exploitation;Charges d'exploitation;0;01/08/2024
Dépenses RH;Dépenses RH;139832.02333333332;01/08/2024
Rémunérations;Rémunérations;135832.02333333332;01/08/2024
Charges sociales;Charges sociales;4000;01/08/2024
Charges financière;Charges financière;0;01/08/2024
CHARGES récurrentes;CHARGES récurrentes;139832.02333333332;01/08/2024
Résultat;Résultat;48406.956666666694;01/08/2024
Remboursement de prêt CA - 500k€??;Remboursement de prêt CA - 500k€??;9950;01/08/2024
Remboursement de prêt BNP - 200 k€;Remboursement de prêt BNP - 200 k€;3750;01/08/2024
Salarié;Salarié;135832.02333333332;01/08/2024
X;X;36950;01/08/2024
X;X;4200;01/08/2024
X;X;4300;01/08/2024
X;X;4000;01/08/2024
X;X;2800;01/08/2024
X;X;4300;01/08/2024
X;X;7750;01/08/2024
X;X;2100;01/08/2024
X;X;4000;01/08/2024
X;X;3500;01/08/2024
X;X;27822;01/08/2024
X;X;4594;01/08/2024
X;X;1000;01/08/2024
X;X;6100;01/08/2024
X;X;12000;01/08/2024
X;X;4128;01/08/2024
X;X;35600.02333333333;01/08/2024
X;X;6000;01/08/2024
X;X;3900;01/08/2024
X;X;4100;01/08/2024
X;X;17500;01/08/2024
X;X;0.023333333333333334;01/08/2024
X;X;4100;01/08/2024
X;X;25110;01/08/2024
X;X;13050;01/08/2024
X;X;12060;01/08/2024
X;X;6600;01/08/2024
X;X;6600;01/08/2024
X;X;2250;01/08/2024
X;X;1500;01/08/2024
Chiffre d'affaires;Chiffre d'affaires;119057.1;01/09/2024
Charges d'exploitation;Charges d'exploitation;0;01/09/2024
Dépenses RH;Dépenses RH;138088.02333333332;01/09/2024
Rémunérations;Rémunérations;134088.02333333332;01/09/2024
Charges sociales;Charges sociales;4000;01/09/2024
Charges financière;Charges financière;0;01/09/2024
CHARGES récurrentes;CHARGES récurrentes;138088.02333333332;01/09/2024
Résultat;Résultat;-19030.92333333331;01/09/2024
Remboursement de prêt CA - 500k€??;Remboursement de prêt CA - 500k€??;9950;01/09/2024
Remboursement de prêt BNP - 200 k€;Remboursement de prêt BNP - 200 k€;3750;01/09/2024
Salarié;Salarié;134088.02333333332;01/09/2024
X;X;32650;01/09/2024
X;X;4200;01/09/2024
X;X;4000;01/09/2024
X;X;2800;01/09/2024
X;X;4300;01/09/2024
X;X;7750;01/09/2024
X;X;2100;01/09/2024
X;X;4000;01/09/2024
X;X;3500;01/09/2024
X;X;16228;01/09/2024
X;X;5000;01/09/2024
X;X;1000;01/09/2024
X;X;6100;01/09/2024
X;X;4128;01/09/2024
X;X;43000.02333333333;01/09/2024
X;X;9500;01/09/2024
X;X;3900;01/09/2024
X;X;3900;01/09/2024
X;X;4100;01/09/2024
X;X;17500;01/09/2024
X;X;0.023333333333333334;01/09/2024
X;X;4100;01/09/2024
X;X;25110;01/09/2024
X;X;13050;01/09/2024
X;X;12060;01/09/2024
X;X;6600;01/09/2024
X;X;6600;01/09/2024
X;X;9000;01/09/2024
X;X;1500;01/09/2024
Chiffre d'affaires;Chiffre d'affaires;155855.26;01/10/2024
Charges d'exploitation;Charges d'exploitation;0;01/10/2024
Dépenses RH;Dépenses RH;132588.02333333332;01/10/2024
Rémunérations;Rémunérations;128588.02333333333;01/10/2024
Charges sociales;Charges sociales;4000;01/10/2024
Charges financière;Charges financière;0;01/10/2024
CHARGES récurrentes;CHARGES récurrentes;132588.02333333332;01/10/2024
Résultat;Résultat;23267.236666666693;01/10/2024
Remboursement de prêt CA - 500k€??;Remboursement de prêt CA - 500k€??;9950;01/10/2024
Remboursement de prêt BNP - 200 k€;Remboursement de prêt BNP - 200 k€;3750;01/10/2024
Salarié;Salarié;128588.02333333333;01/10/2024
X;X;31850;01/10/2024
X;X;4200;01/10/2024
X;X;4000;01/10/2024
X;X;2800;01/10/2024
X;X;4300;01/10/2024
X;X;7750;01/10/2024
X;X;1000;01/10/2024
X;X;4300;01/10/2024
X;X;3500;01/10/2024
X;X;16228;01/10/2024
X;X;5000;01/10/2024
X;X;1000;01/10/2024
X;X;6100;01/10/2024
X;X;4128;01/10/2024
X;X;41800.02333333333;01/10/2024
X;X;4200;01/10/2024
X;X;3900;01/10/2024
X;X;4100;01/10/2024
X;X;3900;01/10/2024
X;X;4100;01/10/2024
X;X;17500;01/10/2024
X;X;0.023333333333333334;01/10/2024
X;X;4100;01/10/2024
X;X;25110;01/10/2024
X;X;13050;01/10/2024
X;X;12060;01/10/2024
X;X;6600;01/10/2024
X;X;6600;01/10/2024
X;X;7000;01/10/2024
Chiffre d'affaires;Chiffre d'affaires;138050.54;01/11/2024
Charges d'exploitation;Charges d'exploitation;0;01/11/2024
Dépenses RH;Dépenses RH;127288.02333333333;01/11/2024
Rémunérations;Rémunérations;123288.02333333333;01/11/2024
Charges sociales;Charges sociales;4000;01/11/2024
Charges financière;Charges financière;0;01/11/2024
CHARGES récurrentes;CHARGES récurrentes;127288.02333333333;01/11/2024
Résultat;Résultat;10762.516666666677;01/11/2024
Remboursement de prêt CA - 500k€??;Remboursement de prêt CA - 500k€??;9950;01/11/2024
Remboursement de prêt BNP - 200 k€;Remboursement de prêt BNP - 200 k€;3750;01/11/2024
Salarié;Salarié;123288.02333333333;01/11/2024
X;X;30850;01/11/2024
X;X;4200;01/11/2024
X;X;4000;01/11/2024
X;X;2800;01/11/2024
X;X;4300;01/11/2024
X;X;7750;01/11/2024
X;X;4300;01/11/2024
X;X;3500;01/11/2024
X;X;16228;01/11/2024
X;X;5000;01/11/2024
X;X;1000;01/11/2024
X;X;6100;01/11/2024
X;X;4128;01/11/2024
X;X;37600.02333333333;01/11/2024
X;X;3900;01/11/2024
X;X;4100;01/11/2024
X;X;3900;01/11/2024
X;X;4100;01/11/2024
X;X;17500;01/11/2024
X;X;0.023333333333333334;01/11/2024
X;X;4100;01/11/2024
X;X;25110;01/11/2024
X;X;13050;01/11/2024
X;X;12060;01/11/2024
X;X;6600;01/11/2024
X;X;6600;01/11/2024
X;X;5400;01/11/2024
X;X;1500;01/11/2024
Chiffre d'affaires;Chiffre d'affaires;406554.32;01/12/2024
Charges d'exploitation;Charges d'exploitation;0;01/12/2024
Dépenses RH;Dépenses RH;133388.02333333332;01/12/2024
Rémunérations;Rémunérations;129388.02333333333;01/12/2024
Charges sociales;Charges sociales;4000;01/12/2024
Charges financière;Charges financière;0;01/12/2024
CHARGES récurrentes;CHARGES récurrentes;133388.02333333332;01/12/2024
Résultat;Résultat;273166.2966666667;01/12/2024
Remboursement de prêt CA - 500k€??;Remboursement de prêt CA - 500k€??;9950;01/12/2024
Remboursement de prêt BNP - 200 k€;Remboursement de prêt BNP - 200 k€;3750;01/12/2024
Salarié;Salarié;129388.02333333333;01/12/2024
X;X;35350;01/12/2024
X;X;4200;01/12/2024
X;X;4000;01/12/2024
X;X;2800;01/12/2024
X;X;4300;01/12/2024
X;X;7750;01/12/2024
X;X;4300;01/12/2024
X;X;4500;01/12/2024
X;X;3500;01/12/2024
X;X;16228;01/12/2024
X;X;5000;01/12/2024
X;X;1000;01/12/2024
X;X;6100;01/12/2024
X;X;4128;01/12/2024
X;X;37600.02333333333;01/12/2024
X;X;3900;01/12/2024
X;X;4100;01/12/2024
X;X;3900;01/12/2024
X;X;4100;01/12/2024
X;X;17500;01/12/2024
X;X;0.023333333333333334;01/12/2024
X;X;4100;01/12/2024
X;X;25110;01/12/2024
X;X;13050;01/12/2024
X;X;12060;01/12/2024
X;X;6600;01/12/2024
X;X;6600;01/12/2024
X;X;7000;01/12/2024
X;X;1500;01/12/2024
Chiffre d'affaires;Chiffre d'affaires;133012.1;01/01/2025
Charges d'exploitation;Charges d'exploitation;0;01/01/2025
Dépenses RH;Dépenses RH;105878;01/01/2025
Rémunérations;Rémunérations;102378;01/01/2025
Charges sociales;Charges sociales;3500;01/01/2025
Charges financière;Charges financière;0;01/01/2025
CHARGES récurrentes;CHARGES récurrentes;105878;01/01/2025
Résultat;Résultat;27134.100000000006;01/01/2025
Remboursement de prêt CA - 500k€??;Remboursement de prêt CA - 500k€??;9950;01/01/2025
Remboursement de prêt BNP - 200 k€;Remboursement de prêt BNP - 200 k€;3750;01/01/2025
Salarié;Salarié;102378;01/01/2025
X;X;35350;01/01/2025
X;X;4200;01/01/2025
X;X;4000;01/01/2025
X;X;2800;01/01/2025
X;X;4300;01/01/2025
X;X;7750;01/01/2025
X;X;4300;01/01/2025
X;X;4500;01/01/2025
X;X;3500;01/01/2025
X;X;16728;01/01/2025
X;X;5000;01/01/2025
X;X;1000;01/01/2025
X;X;6600;01/01/2025
X;X;4128;01/01/2025
X;X;35700;01/01/2025
X;X;5000;01/01/2025
X;X;4100;01/01/2025
X;X;5000;01/01/2025
X;X;17500;01/01/2025
X;X;4100;01/01/2025
X;X;0;01/01/2025
X;X;6600;01/01/2025
X;X;6600;01/01/2025
X;X;8000;01/01/2025
Chiffre d'affaires;Chiffre d'affaires;148383;01/02/2025
Charges d'exploitation;Charges d'exploitation;0;01/02/2025
Dépenses RH;Dépenses RH;95878;01/02/2025
Rémunérations;Rémunérations;92378;01/02/2025
Charges sociales;Charges sociales;3500;01/02/2025
Charges financière;Charges financière;0;01/02/2025
CHARGES récurrentes;CHARGES récurrentes;95878;01/02/2025
Résultat;Résultat;52505;01/02/2025
Remboursement de prêt CA - 500k€??;Remboursement de prêt CA - 500k€??;9950;01/02/2025
Remboursement de prêt BNP - 200 k€;Remboursement de prêt BNP - 200 k€;3750;01/02/2025
Salarié;Salarié;92378;01/02/2025
X;X;35350;01/02/2025
X;X;4200;01/02/2025
X;X;4000;01/02/2025
X;X;2800;01/02/2025
X;X;4300;01/02/2025
X;X;7750;01/02/2025
X;X;4300;01/02/2025
X;X;4500;01/02/2025
X;X;3500;01/02/2025
X;X;16728;01/02/2025
X;X;5000;01/02/2025
X;X;1000;01/02/2025
X;X;6600;01/02/2025
X;X;4128;01/02/2025
X;X;25700;01/02/2025
X;X;4100;01/02/2025
X;X;17500;01/02/2025
X;X;4100;01/02/2025
X;X;0;01/02/2025
X;X;6600;01/02/2025
X;X;6600;01/02/2025
X;X;8000;01/02/2025
Chiffre d'affaires;Chiffre d'affaires;343073.2;01/03/2025
Charges d'exploitation;Charges d'exploitation;0;01/03/2025
Dépenses RH;Dépenses RH;95878;01/03/2025
Rémunérations;Rémunérations;92378;01/03/2025
Charges sociales;Charges sociales;3500;01/03/2025
Charges financière;Charges financière;0;01/03/2025
CHARGES récurrentes;CHARGES récurrentes;95878;01/03/2025
Résultat;Résultat;247195.2;01/03/2025
Remboursement de prêt CA - 500k€??;Remboursement de prêt CA - 500k€??;9950;01/03/2025
Remboursement de prêt BNP - 200 k€;Remboursement de prêt BNP - 200 k€;3750;01/03/2025
Salarié;Salarié;92378;01/03/2025
X;X;35350;01/03/2025
X;X;4200;01/03/2025
X;X;4000;01/03/2025
X;X;2800;01/03/2025
X;X;4300;01/03/2025
X;X;7750;01/03/2025
X;X;4300;01/03/2025
X;X;4500;01/03/2025
X;X;3500;01/03/2025
X;X;16728;01/03/2025
X;X;5000;01/03/2025
X;X;1000;01/03/2025
X;X;6600;01/03/2025
X;X;4128;01/03/2025
X;X;25700;01/03/2025
X;X;4100;01/03/2025
X;X;17500;01/03/2025
X;X;4100;01/03/2025
X;X;0;01/03/2025
X;X;6600;01/03/2025
X;X;6600;01/03/2025
X;X;8000;01/03/2025
Chiffre d'affaires;Chiffre d'affaires;184403.2;01/04/2025
Charges d'exploitation;Charges d'exploitation;0;01/04/2025
Dépenses RH;Dépenses RH;95878;01/04/2025
Rémunérations;Rémunérations;92378;01/04/2025
Charges sociales;Charges sociales;3500;01/04/2025
Charges financière;Charges financière;0;01/04/2025
CHARGES récurrentes;CHARGES récurrentes;95878;01/04/2025
Résultat;Résultat;88525.20000000001;01/04/2025
Remboursement de prêt CA - 500k€??;Remboursement de prêt CA - 500k€??;9950;01/04/2025
Remboursement de prêt BNP - 200 k€;Remboursement de prêt BNP - 200 k€;3750;01/04/2025
Salarié;Salarié;92378;01/04/2025
X;X;35350;01/04/2025
X;X;4200;01/04/2025
X;X;4000;01/04/2025
X;X;2800;01/04/2025
X;X;4300;01/04/2025
X;X;7750;01/04/2025
X;X;4300;01/04/2025
X;X;4500;01/04/2025
X;X;3500;01/04/2025
X;X;16728;01/04/2025
X;X;5000;01/04/2025
X;X;1000;01/04/2025
X;X;6600;01/04/2025
X;X;4128;01/04/2025
X;X;25700;01/04/2025
X;X;4100;01/04/2025
X;X;17500;01/04/2025
X;X;4100;01/04/2025
X;X;0;01/04/2025
X;X;6600;01/04/2025
X;X;6600;01/04/2025
X;X;8000;01/04/2025
Chiffre d'affaires;Chiffre d'affaires;149038.2;01/05/2025
Charges d'exploitation;Charges d'exploitation;0;01/05/2025
Dépenses RH;Dépenses RH;91178;01/05/2025
Rémunérations;Rémunérations;88178;01/05/2025
Charges sociales;Charges sociales;3000;01/05/2025
Charges financière;Charges financière;0;01/05/2025
CHARGES récurrentes;CHARGES récurrentes;91178;01/05/2025
Résultat;Résultat;57860.20000000001;01/05/2025
Remboursement de prêt CA - 500k€??;Remboursement de prêt CA - 500k€??;9950;01/05/2025
Remboursement de prêt BNP - 200 k€;Remboursement de prêt BNP - 200 k€;3750;01/05/2025
Salarié;Salarié;88178;01/05/2025
X;X;31150;01/05/2025
X;X;4000;01/05/2025
X;X;2800;01/05/2025
X;X;4300;01/05/2025
X;X;7750;01/05/2025
X;X;4300;01/05/2025
X;X;4500;01/05/2025
X;X;3500;01/05/2025
X;X;16728;01/05/2025
X;X;5000;01/05/2025
X;X;1000;01/05/2025
X;X;6600;01/05/2025
X;X;4128;01/05/2025
X;X;25700;01/05/2025
X;X;4100;01/05/2025
X;X;17500;01/05/2025
X;X;4100;01/05/2025
X;X;0;01/05/2025
X;X;6600;01/05/2025
X;X;6600;01/05/2025
X;X;8000;01/05/2025
Chiffre d'affaires;Chiffre d'affaires;259047.5;01/06/2025
Charges d'exploitation;Charges d'exploitation;0;01/06/2025
Dépenses RH;Dépenses RH;96178;01/06/2025
Rémunérations;Rémunérations;92678;01/06/2025
Charges sociales;Charges sociales;3500;01/06/2025
Charges financière;Charges financière;0;01/06/2025
CHARGES récurrentes;CHARGES récurrentes;96178;01/06/2025
Impôt sur les sociétés;Impôt sur les sociétés;-75000;01/06/2025
Résultat;Résultat;237869.5;01/06/2025
Remboursement de prêt CA - 500k€??;Remboursement de prêt CA - 500k€??;9950;01/06/2025
Remboursement de prêt BNP - 200 k€;Remboursement de prêt BNP - 200 k€;3750;01/06/2025
Salarié;Salarié;92678;01/06/2025
X;X;31150;01/06/2025
X;X;4000;01/06/2025
X;X;2800;01/06/2025
X;X;4300;01/06/2025
X;X;7750;01/06/2025
X;X;4300;01/06/2025
X;X;4500;01/06/2025
X;X;3500;01/06/2025
X;X;16728;01/06/2025
X;X;5000;01/06/2025
X;X;1000;01/06/2025
X;X;6600;01/06/2025
X;X;4128;01/06/2025
X;X;30200;01/06/2025
X;X;4500;01/06/2025
X;X;4100;01/06/2025
X;X;17500;01/06/2025
X;X;4100;01/06/2025
X;X;0;01/06/2025
X;X;6600;01/06/2025
X;X;6600;01/06/2025
X;X;8000;01/06/2025
Chiffre d'affaires;Chiffre d'affaires;400327.5;01/07/2025
Charges d'exploitation;Charges d'exploitation;0;01/07/2025
Dépenses RH;Dépenses RH;271948;01/07/2025
Rémunérations;Rémunérations;268448;01/07/2025
Charges sociales;Charges sociales;3500;01/07/2025
Charges financière;Charges financière;0;01/07/2025
CHARGES récurrentes;CHARGES récurrentes;271948;01/07/2025
Résultat;Résultat;128379.5;01/07/2025
Remboursement de prêt CA - 500k€??;Remboursement de prêt CA - 500k€??;9950;01/07/2025
Remboursement de prêt BNP - 200 k€;Remboursement de prêt BNP - 200 k€;3750;01/07/2025
Salarié;Salarié;268448;01/07/2025
X;X;31150;01/07/2025
X;X;4000;01/07/2025
X;X;2800;01/07/2025
X;X;4300;01/07/2025
X;X;7750;01/07/2025
X;X;4300;01/07/2025
X;X;4500;01/07/2025
X;X;3500;01/07/2025
X;X;16728;01/07/2025
X;X;5000;01/07/2025
X;X;1000;01/07/2025
X;X;6600;01/07/2025
X;X;4128;01/07/2025
X;X;30200;01/07/2025
X;X;4500;01/07/2025
X;X;4100;01/07/2025
X;X;17500;01/07/2025
X;X;4100;01/07/2025
X;X;175770;01/07/2025
X;X;91350;01/07/2025
X;X;84420;01/07/2025
X;X;6600;01/07/2025
X;X;6600;01/07/2025
X;X;8000;01/07/2025
Chiffre d'affaires;Chiffre d'affaires;194439.5;01/08/2025
Charges d'exploitation;Charges d'exploitation;0;01/08/2025
Dépenses RH;Dépenses RH;121288;01/08/2025
Rémunérations;Rémunérations;117788;01/08/2025
Charges sociales;Charges sociales;3500;01/08/2025
Charges financière;Charges financière;0;01/08/2025
CHARGES récurrentes;CHARGES récurrentes;121288;01/08/2025
Résultat;Résultat;73151.5;01/08/2025
Remboursement de prêt CA - 500k€??;Remboursement de prêt CA - 500k€??;9950;01/08/2025
Remboursement de prêt BNP - 200 k€;Remboursement de prêt BNP - 200 k€;3750;01/08/2025
Salarié;Salarié;117788;01/08/2025
X;X;31150;01/08/2025
X;X;4000;01/08/2025
X;X;2800;01/08/2025
X;X;4300;01/08/2025
X;X;7750;01/08/2025
X;X;4300;01/08/2025
X;X;4500;01/08/2025
X;X;3500;01/08/2025
X;X;16728;01/08/2025
X;X;5000;01/08/2025
X;X;1000;01/08/2025
X;X;6600;01/08/2025
X;X;4128;01/08/2025
X;X;30200;01/08/2025
X;X;4500;01/08/2025
X;X;4100;01/08/2025
X;X;17500;01/08/2025
X;X;4100;01/08/2025
X;X;25110;01/08/2025
X;X;13050;01/08/2025
X;X;12060;01/08/2025
X;X;6600;01/08/2025
X;X;6600;01/08/2025
X;X;8000;01/08/2025
Chiffre d'affaires;Chiffre d'affaires;260047.5;01/09/2025
Charges d'exploitation;Charges d'exploitation;0;01/09/2025
Dépenses RH;Dépenses RH;121288;01/09/2025
Rémunérations;Rémunérations;117788;01/09/2025
Charges sociales;Charges sociales;3500;01/09/2025
Charges financière;Charges financière;0;01/09/2025
CHARGES récurrentes;CHARGES récurrentes;121288;01/09/2025
Résultat;Résultat;138759.5;01/09/2025
Remboursement de prêt CA - 500k€??;Remboursement de prêt CA - 500k€??;9950;01/09/2025
Remboursement de prêt BNP - 200 k€;Remboursement de prêt BNP - 200 k€;3750;01/09/2025
Salarié;Salarié;117788;01/09/2025
X;X;31150;01/09/2025
X;X;4000;01/09/2025
X;X;2800;01/09/2025
X;X;4300;01/09/2025
X;X;7750;01/09/2025
X;X;4300;01/09/2025
X;X;4500;01/09/2025
X;X;3500;01/09/2025
X;X;16728;01/09/2025
X;X;5000;01/09/2025
X;X;1000;01/09/2025
X;X;6600;01/09/2025
X;X;4128;01/09/2025
X;X;30200;01/09/2025
X;X;4500;01/09/2025
X;X;4100;01/09/2025
X;X;17500;01/09/2025
X;X;4100;01/09/2025
X;X;25110;01/09/2025
X;X;13050;01/09/2025
X;X;12060;01/09/2025
X;X;6600;01/09/2025
X;X;6600;01/09/2025
X;X;8000;01/09/2025
Chiffre d'affaires;Chiffre d'affaires;166367.5;01/10/2025
Charges d'exploitation;Charges d'exploitation;0;01/10/2025
Dépenses RH;Dépenses RH;121288;01/10/2025
Rémunérations;Rémunérations;117788;01/10/2025
Charges sociales;Charges sociales;3500;01/10/2025
Charges financière;Charges financière;0;01/10/2025
CHARGES récurrentes;CHARGES récurrentes;121288;01/10/2025
Résultat;Résultat;45079.5;01/10/2025
Remboursement de prêt CA - 500k€??;Remboursement de prêt CA - 500k€??;9950;01/10/2025
Remboursement de prêt BNP - 200 k€;Remboursement de prêt BNP - 200 k€;3750;01/10/2025
Salarié;Salarié;117788;01/10/2025
X;X;31150;01/10/2025
X;X;4000;01/10/2025
X;X;2800;01/10/2025
X;X;4300;01/10/2025
X;X;7750;01/10/2025
X;X;4300;01/10/2025
X;X;4500;01/10/2025
X;X;3500;01/10/2025
X;X;16728;01/10/2025
X;X;5000;01/10/2025
X;X;1000;01/10/2025
X;X;6600;01/10/2025
X;X;4128;01/10/2025
X;X;30200;01/10/2025
X;X;4500;01/10/2025
X;X;4100;01/10/2025
X;X;17500;01/10/2025
X;X;4100;01/10/2025
X;X;25110;01/10/2025
X;X;13050;01/10/2025
X;X;12060;01/10/2025
X;X;6600;01/10/2025
X;X;6600;01/10/2025
X;X;8000;01/10/2025
Chiffre d'affaires;Chiffre d'affaires;163047.5;01/11/2025
Charges d'exploitation;Charges d'exploitation;0;01/11/2025
Dépenses RH;Dépenses RH;121288;01/11/2025
Rémunérations;Rémunérations;117788;01/11/2025
Charges sociales;Charges sociales;3500;01/11/2025
Charges financière;Charges financière;0;01/11/2025
CHARGES récurrentes;CHARGES récurrentes;121288;01/11/2025
Résultat;Résultat;41759.5;01/11/2025
Remboursement de prêt CA - 500k€??;Remboursement de prêt CA - 500k€??;9950;01/11/2025
Remboursement de prêt BNP - 200 k€;Remboursement de prêt BNP - 200 k€;3750;01/11/2025
Salarié;Salarié;117788;01/11/2025
X;X;31150;01/11/2025
X;X;4000;01/11/2025
X;X;2800;01/11/2025
X;X;4300;01/11/2025
X;X;7750;01/11/2025
X;X;4300;01/11/2025
X;X;4500;01/11/2025
X;X;3500;01/11/2025
X;X;16728;01/11/2025
X;X;5000;01/11/2025
X;X;1000;01/11/2025
X;X;6600;01/11/2025
X;X;4128;01/11/2025
X;X;30200;01/11/2025
X;X;4500;01/11/2025
X;X;4100;01/11/2025
X;X;17500;01/11/2025
X;X;4100;01/11/2025
X;X;25110;01/11/2025
X;X;13050;01/11/2025
X;X;12060;01/11/2025
X;X;6600;01/11/2025
X;X;6600;01/11/2025
X;X;8000;01/11/2025
Chiffre d'affaires;Chiffre d'affaires;363787.5;01/12/2025
Charges d'exploitation;Charges d'exploitation;0;01/12/2025
Dépenses RH;Dépenses RH;121288;01/12/2025
Rémunérations;Rémunérations;117788;01/12/2025
Charges sociales;Charges sociales;3500;01/12/2025
Charges financière;Charges financière;0;01/12/2025
CHARGES récurrentes;CHARGES récurrentes;121288;01/12/2025
Résultat;Résultat;242499.5;01/12/2025
Remboursement de prêt BPI - 900 k€ : début 2026;Remboursement de prêt BPI - 900 k€ : début 2026;54000;01/12/2025
Remboursement de prêt CA - 500k€??;Remboursement de prêt CA - 500k€??;9950;01/12/2025
Remboursement de prêt BNP - 200 k€;Remboursement de prêt BNP - 200 k€;3750;01/12/2025
Salarié;Salarié;117788;01/12/2025
X;X;31150;01/12/2025
X;X;4000;01/12/2025
X;X;2800;01/12/2025
X;X;4300;01/12/2025
X;X;7750;01/12/2025
X;X;4300;01/12/2025
X;X;4500;01/12/2025
X;X;3500;01/12/2025
X;X;16728;01/12/2025
X;X;5000;01/12/2025
X;X;1000;01/12/2025
X;X;6600;01/12/2025
X;X;4128;01/12/2025
X;X;30200;01/12/2025
X;X;4500;01/12/2025
X;X;4100;01/12/2025
X;X;17500;01/12/2025
X;X;4100;01/12/2025
X;X;25110;01/12/2025
X;X;13050;01/12/2025
X;X;12060;01/12/2025
X;X;6600;01/12/2025
X;X;6600;01/12/2025
X;X;8000;01/12/2025
Chiffre d'affaires;Chiffre d'affaires;257027.5;01/01/2026
Charges d'exploitation;Charges d'exploitation;0;01/01/2026
Dépenses RH;Dépenses RH;121288;01/01/2026
Rémunérations;Rémunérations;117788;01/01/2026
Charges sociales;Charges sociales;3500;01/01/2026
Charges financière;Charges financière;0;01/01/2026
Résultat;Résultat;135739.5;01/01/2026
Remboursement de prêt CA - 500k€??;Remboursement de prêt CA - 500k€??;9950;01/01/2026
Remboursement de prêt BNP - 200 k€;Remboursement de prêt BNP - 200 k€;3750;01/01/2026
Salarié;Salarié;117788;01/01/2026
X;X;31150;01/01/2026
X;X;4000;01/01/2026
X;X;2800;01/01/2026
X;X;4300;01/01/2026
X;X;7750;01/01/2026
X;X;4300;01/01/2026
X;X;4500;01/01/2026
X;X;3500;01/01/2026
X;X;16728;01/01/2026
X;X;5000;01/01/2026
X;X;1000;01/01/2026
X;X;6600;01/01/2026
X;X;4128;01/01/2026
X;X;30200;01/01/2026
X;X;4500;01/01/2026
X;X;4100;01/01/2026
X;X;17500;01/01/2026
X;X;4100;01/01/2026
X;X;25110;01/01/2026
X;X;13050;01/01/2026
X;X;12060;01/01/2026
X;X;6600;01/01/2026
X;X;6600;01/01/2026
X;X;8000;01/01/2026
Chiffre d'affaires;Chiffre d'affaires;244147.5;01/02/2026
Charges d'exploitation;Charges d'exploitation;0;01/02/2026
Dépenses RH;Dépenses RH;121288;01/02/2026
Rémunérations;Rémunérations;117788;01/02/2026
Charges sociales;Charges sociales;3500;01/02/2026
Charges financière;Charges financière;0;01/02/2026
CHARGES récurrentes;CHARGES récurrentes;121288;01/02/2026
Résultat;Résultat;122859.5;01/02/2026
Remboursement de prêt CA - 500k€??;Remboursement de prêt CA - 500k€??;9950;01/02/2026
Remboursement de prêt BNP - 200 k€;Remboursement de prêt BNP - 200 k€;3750;01/02/2026
Salarié;Salarié;117788;01/02/2026
X;X;31150;01/02/2026
X;X;4000;01/02/2026
X;X;2800;01/02/2026
X;X;4300;01/02/2026
X;X;7750;01/02/2026
X;X;4300;01/02/2026
X;X;4500;01/02/2026
X;X;3500;01/02/2026
X;X;16728;01/02/2026
X;X;5000;01/02/2026
X;X;1000;01/02/2026
X;X;6600;01/02/2026
X;X;4128;01/02/2026
X;X;30200;01/02/2026
X;X;4500;01/02/2026
X;X;4100;01/02/2026
X;X;17500;01/02/2026
X;X;4100;01/02/2026
X;X;25110;01/02/2026
X;X;13050;01/02/2026
X;X;12060;01/02/2026
X;X;6600;01/02/2026
X;X;6600;01/02/2026
X;X;8000;01/02/2026
Chiffre d'affaires;Chiffre d'affaires;297547.5;01/03/2026
Charges d'exploitation;Charges d'exploitation;0;01/03/2026
Dépenses RH;Dépenses RH;121288;01/03/2026
Rémunérations;Rémunérations;117788;01/03/2026
Charges sociales;Charges sociales;3500;01/03/2026
Charges financière;Charges financière;0;01/03/2026
CHARGES récurrentes;CHARGES récurrentes;121288;01/03/2026
Résultat;Résultat;176259.5;01/03/2026
Remboursement de prêt BPI - 900 k€ : début 2026;Remboursement de prêt BPI - 900 k€ : début 2026;54000;01/03/2026
Remboursement de prêt CA - 500k€??;Remboursement de prêt CA - 500k€??;9950;01/03/2026
Remboursement de prêt BNP - 200 k€;Remboursement de prêt BNP - 200 k€;3750;01/03/2026
Salarié;Salarié;117788;01/03/2026
X;X;31150;01/03/2026
X;X;4000;01/03/2026
X;X;2800;01/03/2026
X;X;4300;01/03/2026
X;X;7750;01/03/2026
X;X;4300;01/03/2026
X;X;4500;01/03/2026
X;X;3500;01/03/2026
X;X;16728;01/03/2026
X;X;5000;01/03/2026
X;X;1000;01/03/2026
X;X;6600;01/03/2026
X;X;4128;01/03/2026
X;X;30200;01/03/2026
X;X;4500;01/03/2026
X;X;4100;01/03/2026
X;X;17500;01/03/2026
X;X;4100;01/03/2026
X;X;25110;01/03/2026
X;X;13050;01/03/2026
X;X;12060;01/03/2026
X;X;6600;01/03/2026
X;X;6600;01/03/2026
X;X;8000;01/03/2026
Chiffre d'affaires;Chiffre d'affaires;239087.5;01/04/2026
Charges d'exploitation;Charges d'exploitation;0;01/04/2026
Dépenses RH;Dépenses RH;121288;01/04/2026
Rémunérations;Rémunérations;117788;01/04/2026
Charges sociales;Charges sociales;3500;01/04/2026
Charges financière;Charges financière;0;01/04/2026
CHARGES récurrentes;CHARGES récurrentes;121288;01/04/2026
Résultat;Résultat;117799.5;01/04/2026
Remboursement de prêt CA - 500k€??;Remboursement de prêt CA - 500k€??;9950;01/04/2026
Remboursement de prêt BNP - 200 k€;Remboursement de prêt BNP - 200 k€;3750;01/04/2026
Salarié;Salarié;117788;01/04/2026
X;X;31150;01/04/2026
X;X;4000;01/04/2026
X;X;2800;01/04/2026
X;X;4300;01/04/2026
X;X;7750;01/04/2026
X;X;4300;01/04/2026
X;X;4500;01/04/2026
X;X;3500;01/04/2026
X;X;16728;01/04/2026
X;X;5000;01/04/2026
X;X;1000;01/04/2026
X;X;6600;01/04/2026
X;X;4128;01/04/2026
X;X;30200;01/04/2026
X;X;4500;01/04/2026
X;X;4100;01/04/2026
X;X;17500;01/04/2026
X;X;4100;01/04/2026
X;X;25110;01/04/2026
X;X;13050;01/04/2026
X;X;12060;01/04/2026
X;X;6600;01/04/2026
X;X;6600;01/04/2026
X;X;8000;01/04/2026
Chiffre d'affaires;Chiffre d'affaires;209547.5;01/05/2026
Charges d'exploitation;Charges d'exploitation;0;01/05/2026
Dépenses RH;Dépenses RH;121288;01/05/2026
Rémunérations;Rémunérations;117788;01/05/2026
Charges sociales;Charges sociales;3500;01/05/2026
Charges financière;Charges financière;0;01/05/2026
CHARGES récurrentes;CHARGES récurrentes;121288;01/05/2026
Impôt sur les sociétés;Impôt sur les sociétés;-85000;01/05/2026
Résultat;Résultat;173259.5;01/05/2026
Remboursement de prêt CA - 500k€??;Remboursement de prêt CA - 500k€??;9950;01/05/2026
Remboursement de prêt BNP - 200 k€;Remboursement de prêt BNP - 200 k€;3750;01/05/2026
Salarié;Salarié;117788;01/05/2026
X;X;31150;01/05/2026
X;X;4000;01/05/2026
X;X;2800;01/05/2026
X;X;4300;01/05/2026
X;X;7750;01/05/2026
X;X;4300;01/05/2026
X;X;4500;01/05/2026
X;X;3500;01/05/2026
X;X;16728;01/05/2026
X;X;5000;01/05/2026
X;X;1000;01/05/2026
X;X;6600;01/05/2026
X;X;4128;01/05/2026
X;X;30200;01/05/2026
X;X;4500;01/05/2026
X;X;4100;01/05/2026
X;X;17500;01/05/2026
X;X;4100;01/05/2026
X;X;25110;01/05/2026
X;X;13050;01/05/2026
X;X;12060;01/05/2026
X;X;6600;01/05/2026
X;X;6600;01/05/2026
X;X;8000;01/05/2026
Chiffre d'affaires;Chiffre d'affaires;323047.5;01/06/2026
Charges d'exploitation;Charges d'exploitation;0;01/06/2026
Dépenses RH;Dépenses RH;121288;01/06/2026
Rémunérations;Rémunérations;117788;01/06/2026
Charges sociales;Charges sociales;3500;01/06/2026
Charges financière;Charges financière;0;01/06/2026
CHARGES récurrentes;CHARGES récurrentes;121288;01/06/2026
Résultat;Résultat;201759.5;01/06/2026
Remboursement de prêt BPI - 900 k€ : début 2026;Remboursement de prêt BPI - 900 k€ : début 2026;54000;01/06/2026
Remboursement de prêt CA - 500k€??;Remboursement de prêt CA - 500k€??;9950;01/06/2026
Remboursement de prêt BNP - 200 k€;Remboursement de prêt BNP - 200 k€;3750;01/06/2026
Salarié;Salarié;117788;01/06/2026
X;X;31150;01/06/2026
X;X;4000;01/06/2026
X;X;2800;01/06/2026
X;X;4300;01/06/2026
X;X;7750;01/06/2026
X;X;4300;01/06/2026
X;X;4500;01/06/2026
X;X;3500;01/06/2026
X;X;16728;01/06/2026
X;X;5000;01/06/2026
X;X;1000;01/06/2026
X;X;6600;01/06/2026
X;X;4128;01/06/2026
X;X;30200;01/06/2026
X;X;4500;01/06/2026
X;X;4100;01/06/2026
X;X;17500;01/06/2026
X;X;4100;01/06/2026
X;X;25110;01/06/2026
X;X;13050;01/06/2026
X;X;12060;01/06/2026
X;X;6600;01/06/2026
X;X;6600;01/06/2026
X;X;8000;01/06/2026
Chiffre d'affaires;Chiffre d'affaires;472827.5;01/07/2026
Charges d'exploitation;Charges d'exploitation;0;01/07/2026
Dépenses RH;Dépenses RH;121288;01/07/2026
Rémunérations;Rémunérations;117788;01/07/2026
Charges sociales;Charges sociales;3500;01/07/2026
Charges financière;Charges financière;0;01/07/2026
CHARGES récurrentes;CHARGES récurrentes;121288;01/07/2026
Résultat;Résultat;351539.5;01/07/2026
Remboursement de prêt CA - 500k€??;Remboursement de prêt CA - 500k€??;9950;01/07/2026
Remboursement de prêt BNP - 200 k€;Remboursement de prêt BNP - 200 k€;3750;01/07/2026
Salarié;Salarié;117788;01/07/2026
X;X;31150;01/07/2026
X;X;4000;01/07/2026
X;X;2800;01/07/2026
X;X;4300;01/07/2026
X;X;7750;01/07/2026
X;X;4300;01/07/2026
X;X;4500;01/07/2026
X;X;3500;01/07/2026
X;X;16728;01/07/2026
X;X;5000;01/07/2026
X;X;1000;01/07/2026
X;X;6600;01/07/2026
X;X;4128;01/07/2026
X;X;30200;01/07/2026
X;X;4500;01/07/2026
X;X;4100;01/07/2026
X;X;17500;01/07/2026
X;X;4100;01/07/2026
X;X;25110;01/07/2026
X;X;13050;01/07/2026
X;X;12060;01/07/2026
X;X;6600;01/07/2026
X;X;6600;01/07/2026
X;X;8000;01/07/2026
Chiffre d'affaires;Chiffre d'affaires;275439.5;01/08/2026
Charges d'exploitation;Charges d'exploitation;0;01/08/2026
Dépenses RH;Dépenses RH;121288;01/08/2026
Rémunérations;Rémunérations;117788;01/08/2026
Charges sociales;Charges sociales;3500;01/08/2026
Charges financière;Charges financière;0;01/08/2026
CHARGES récurrentes;CHARGES récurrentes;121288;01/08/2026
Résultat;Résultat;154151.5;01/08/2026
Remboursement de prêt CA - 500k€??;Remboursement de prêt CA - 500k€??;9950;01/08/2026
Remboursement de prêt BNP - 200 k€;Remboursement de prêt BNP - 200 k€;3750;01/08/2026
Salarié;Salarié;117788;01/08/2026
X;X;31150;01/08/2026
X;X;4000;01/08/2026
X;X;2800;01/08/2026
X;X;4300;01/08/2026
X;X;7750;01/08/2026
X;X;4300;01/08/2026
X;X;4500;01/08/2026
X;X;3500;01/08/2026
X;X;16728;01/08/2026
X;X;5000;01/08/2026
X;X;1000;01/08/2026
X;X;6600;01/08/2026
X;X;4128;01/08/2026
X;X;30200;01/08/2026
X;X;4500;01/08/2026
X;X;4100;01/08/2026
X;X;17500;01/08/2026
X;X;4100;01/08/2026
X;X;25110;01/08/2026
X;X;13050;01/08/2026
X;X;12060;01/08/2026
X;X;6600;01/08/2026
X;X;6600;01/08/2026
X;X;8000;01/08/2026
Chiffre d'affaires;Chiffre d'affaires;348547.5;01/09/2026
Charges d'exploitation;Charges d'exploitation;0;01/09/2026
Dépenses RH;Dépenses RH;121288;01/09/2026
Rémunérations;Rémunérations;117788;01/09/2026
Charges sociales;Charges sociales;3500;01/09/2026
Charges financière;Charges financière;0;01/09/2026
CHARGES récurrentes;CHARGES récurrentes;121288;01/09/2026
Résultat;Résultat;227259.5;01/09/2026
Remboursement de prêt BPI - 900 k€ : début 2026;Remboursement de prêt BPI - 900 k€ : début 2026;54000;01/09/2026
Remboursement de prêt CA - 500k€??;Remboursement de prêt CA - 500k€??;9950;01/09/2026
Remboursement de prêt BNP - 200 k€;Remboursement de prêt BNP - 200 k€;3750;01/09/2026
Salarié;Salarié;117788;01/09/2026
X;X;31150;01/09/2026
X;X;4000;01/09/2026
X;X;2800;01/09/2026
X;X;4300;01/09/2026
X;X;7750;01/09/2026
X;X;4300;01/09/2026
X;X;4500;01/09/2026
X;X;3500;01/09/2026
X;X;16728;01/09/2026
X;X;5000;01/09/2026
X;X;1000;01/09/2026
X;X;6600;01/09/2026
X;X;4128;01/09/2026
X;X;30200;01/09/2026
X;X;4500;01/09/2026
X;X;4100;01/09/2026
X;X;17500;01/09/2026
X;X;4100;01/09/2026
X;X;25110;01/09/2026
X;X;13050;01/09/2026
X;X;12060;01/09/2026
X;X;6600;01/09/2026
X;X;6600;01/09/2026
X;X;8000;01/09/2026
Chiffre d'affaires;Chiffre d'affaires;259367.5;01/10/2026
Charges d'exploitation;Charges d'exploitation;0;01/10/2026
Dépenses RH;Dépenses RH;121288;01/10/2026
Rémunérations;Rémunérations;117788;01/10/2026
Charges sociales;Charges sociales;3500;01/10/2026
Charges financière;Charges financière;0;01/10/2026
CHARGES récurrentes;CHARGES récurrentes;121288;01/10/2026
Résultat;Résultat;138079.5;01/10/2026
Remboursement de prêt CA - 500k€??;Remboursement de prêt CA - 500k€??;9950;01/10/2026
Remboursement de prêt BNP - 200 k€;Remboursement de prêt BNP - 200 k€;3750;01/10/2026
Salarié;Salarié;117788;01/10/2026
X;X;31150;01/10/2026
X;X;4000;01/10/2026
X;X;2800;01/10/2026
X;X;4300;01/10/2026
X;X;7750;01/10/2026
X;X;4300;01/10/2026
X;X;4500;01/10/2026
X;X;3500;01/10/2026
X;X;16728;01/10/2026
X;X;5000;01/10/2026
X;X;1000;01/10/2026
X;X;6600;01/10/2026
X;X;4128;01/10/2026
X;X;30200;01/10/2026
X;X;4500;01/10/2026
X;X;4100;01/10/2026
X;X;17500;01/10/2026
X;X;4100;01/10/2026
X;X;25110;01/10/2026
X;X;13050;01/10/2026
X;X;12060;01/10/2026
X;X;6600;01/10/2026
X;X;6600;01/10/2026
X;X;8000;01/10/2026
Chiffre d'affaires;Chiffre d'affaires;260547.5;01/11/2026
Charges d'exploitation;Charges d'exploitation;0;01/11/2026
Dépenses RH;Dépenses RH;121288;01/11/2026
Rémunérations;Rémunérations;117788;01/11/2026
Charges sociales;Charges sociales;3500;01/11/2026
Charges financière;Charges financière;0;01/11/2026
CHARGES récurrentes;CHARGES récurrentes;121288;01/11/2026
Résultat;Résultat;139259.5;01/11/2026
Remboursement de prêt CA - 500k€??;Remboursement de prêt CA - 500k€??;9950;01/11/2026
Remboursement de prêt BNP - 200 k€;Remboursement de prêt BNP - 200 k€;3750;01/11/2026
Salarié;Salarié;117788;01/11/2026
X;X;31150;01/11/2026
X;X;4000;01/11/2026
X;X;2800;01/11/2026
X;X;4300;01/11/2026
X;X;7750;01/11/2026
X;X;4300;01/11/2026
X;X;4500;01/11/2026
X;X;3500;01/11/2026
X;X;16728;01/11/2026
X;X;5000;01/11/2026
X;X;1000;01/11/2026
X;X;6600;01/11/2026
X;X;4128;01/11/2026
X;X;30200;01/11/2026
X;X;4500;01/11/2026
X;X;4100;01/11/2026
X;X;17500;01/11/2026
X;X;4100;01/11/2026
X;X;25110;01/11/2026
X;X;13050;01/11/2026
X;X;12060;01/11/2026
X;X;6600;01/11/2026
X;X;6600;01/11/2026
X;X;8000;01/11/2026
Chiffre d'affaires;Chiffre d'affaires;465787.5;01/12/2026
Charges d'exploitation;Charges d'exploitation;0;01/12/2026
Dépenses RH;Dépenses RH;121288;01/12/2026
Rémunérations;Rémunérations;117788;01/12/2026
Charges sociales;Charges sociales;3500;01/12/2026
Charges financière;Charges financière;0;01/12/2026
CHARGES récurrentes;CHARGES récurrentes;121288;01/12/2026
Résultat;Résultat;344499.5;01/12/2026
Remboursement de prêt BPI - 900 k€ : début 2026;Remboursement de prêt BPI - 900 k€ : début 2026;54000;01/12/2026
Remboursement de prêt CA - 500k€??;Remboursement de prêt CA - 500k€??;9950;01/12/2026
Remboursement de prêt BNP - 200 k€;Remboursement de prêt BNP - 200 k€;3750;01/12/2026
Salarié;Salarié;117788;01/12/2026
X;X;31150;01/12/2026
X;X;4000;01/12/2026
X;X;2800;01/12/2026
X;X;4300;01/12/2026
X;X;7750;01/12/2026
X;X;4300;01/12/2026
X;X;4500;01/12/2026
X;X;3500;01/12/2026
X;X;16728;01/12/2026
X;X;5000;01/12/2026
X;X;1000;01/12/2026
X;X;6600;01/12/2026
X;X;4128;01/12/2026
X;X;30200;01/12/2026
X;X;4500;01/12/2026
X;X;4100;01/12/2026
X;X;17500;01/12/2026
X;X;4100;01/12/2026
X;X;25110;01/12/2026
X;X;13050;01/12/2026
X;X;12060;01/12/2026
X;X;6600;01/12/2026
X;X;6600;01/12/2026
X;X;8000;01/12/2026
